PROLIFIC_PID,randomized_pair_order,stimulus_name,predictability,boundary_times_sec,boundary_count,block,global_position_in_block,video_attention_failure_type
6a02fc6e1186071261f2734f,"[17,4,11,21,13,14,1,12,7,3,18,10,9,25,30,27,5,15,19,8,29,6,26,16,20,23,24,2,22,28]",music,Unpredictable,"[0.949312,3.188492,10.492566,13.892868,16.22932,18.861343,24.020977,27.300714,31.548953,36.101108]",10.0,1.0,1.0,
6a02fc6e1186071261f2734f,"[17,4,11,21,13,14,1,12,7,3,18,10,9,25,30,27,5,15,19,8,29,6,26,16,20,23,24,2,22,28]",bathroom,Unpredictable,"[1.524847,2.916594,4.340948,7.077322,10.116592,11.813071,14.668693,16.228922,17.932541,20.756779,24.82098,27.101014,29.269114,31.164659]",14.0,1.0,2.0,
6a02fc6e1186071261f2734f,"[17,4,11,21,13,14,1,12,7,3,18,10,9,25,30,27,5,15,19,8,29,6,26,16,20,23,24,2,22,28]",fireplace,Unpredictable,"[1.745575,5.952763,11.001605,13.944452,17.001334,20.992911,28.169142]",7.0,1.0,3.0,
6a02fc6e1186071261f2734f,"[17,4,11,21,13,14,1,12,7,3,18,10,9,25,30,27,5,15,19,8,29,6,26,16,20,23,24,2,22,28]",printer,Unpredictable,"[2.284385,5.621223,7.812686,11.996829,16.708913,20.892806,26.412595,34.061366,38.388647,41.316842,43.412721]",11.0,1.0,4.0,
6a02fc6e1186071261f2734f,"[17,4,11,21,13,14,1,12,7,3,18,10,9,25,30,27,5,15,19,8,29,6,26,16,20,23,24,2,22,28]",gym,Predictable,"[1.340864,2.364657,5.068599,8.556852,12.204749,16.204583,19.908683,22.548912,25.532747]",9.0,1.0,5.0,
6a02fc6e1186071261f2734f,"[17,4,11,21,13,14,1,12,7,3,18,10,9,25,30,27,5,15,19,8,29,6,26,16,20,23,24,2,22,28]",lamp,Unpredictable,"[1.464385,4.688582,7.832746,14.064781,17.632965,23.640842,27.84077]",7.0,1.0,6.0,
6a02fc6e1186071261f2734f,"[17,4,11,21,13,14,1,12,7,3,18,10,9,25,30,27,5,15,19,8,29,6,26,16,20,23,24,2,22,28]",baking,Predictable,"[1.488583,4.496594,8.824935,16.320904,19.369066,21.344578,22.91253,25.521283]",8.0,1.0,7.0,
6a02fc6e1186071261f2734f,"[17,4,11,21,13,14,1,12,7,3,18,10,9,25,30,27,5,15,19,8,29,6,26,16,20,23,24,2,22,28]",football,Unpredictable,"[1.684797,4.260969,7.048391,11.165463,21.16489,24.148976,30.044573,32.588906]",8.0,1.0,8.0,
6a02fc6e1186071261f2734f,"[17,4,11,21,13,14,1,12,7,3,18,10,9,25,30,27,5,15,19,8,29,6,26,16,20,23,24,2,22,28]",bike,Predictable,"[3.280896,8.608851,12.08096,17.616622,22.888841]",5.0,1.0,9.0,
6a02fc6e1186071261f2734f,"[17,4,11,21,13,14,1,12,7,3,18,10,9,25,30,27,5,15,19,8,29,6,26,16,20,23,24,2,22,28]",bank,Unpredictable,"[1.341469,5.956744,8.773198,9.44476,10.708899,17.132873,18.708551]",7.0,1.0,10.0,
6a02fc6e1186071261f2734f,"[17,4,11,21,13,14,1,12,7,3,18,10,9,25,30,27,5,15,19,8,29,6,26,16,20,23,24,2,22,28]",painting,Predictable,"[1.424676,5.464716,8.720732,10.928758,11.632505,13.217079,16.193309,19.9208,22.44077]",9.0,1.0,11.0,
6a02fc6e1186071261f2734f,"[17,4,11,21,13,14,1,12,7,3,18,10,9,25,30,27,5,15,19,8,29,6,26,16,20,23,24,2,22,28]",cleaning,Unpredictable,"[1.576597,3.368502,6.656858,9.089555,13.097103,19.776661,21.856869,23.608981]",8.0,1.0,12.0,
6a02fc6e1186071261f2734f,"[17,4,11,21,13,14,1,12,7,3,18,10,9,25,30,27,5,15,19,8,29,6,26,16,20,23,24,2,22,28]",cereal,Predictable,"[1.516782,3.71688,5.724882,7.276573,11.756573,13.701427,16.436669,17.64458,18.644733,21.0045,24.301175,26.37249,28.516793,29.812615,31.836988,33.252474,34.612725,36.332976,37.036832]",19.0,1.0,13.0,
6a02fc6e1186071261f2734f,"[17,4,11,21,13,14,1,12,7,3,18,10,9,25,30,27,5,15,19,8,29,6,26,16,20,23,24,2,22,28]",suitcase,Unpredictable,"[1.232715,2.03246,3.600592,4.584872,6.192911,7.296825,8.144567,8.744536,10.248572,11.192755,12.368971,14.64909,15.70464,17.064512,18.257058,19.624551,20.697086,22.928492,26.480776]",19.0,1.0,14.0,
6a02fc6e1186071261f2734f,"[17,4,11,21,13,14,1,12,7,3,18,10,9,25,30,27,5,15,19,8,29,6,26,16,20,23,24,2,22,28]",whiteboard,Unpredictable,"[0.792711,5.089324,8.648884,11.992994,14.600519,17.305421,18.28881,20.248884,22.880731,24.696767,26.160691]",11.0,1.0,15.0,
6a02fc6e1186071261f2734f,"[17,4,11,21,13,14,1,12,7,3,18,10,9,25,30,27,5,15,19,8,29,6,26,16,20,23,24,2,22,28]",tea,Unpredictable,"[1.212579,2.908611,3.836716,5.708923,8.356812,9.196554,11.188701,13.30084,15.21251,18.140748,20.764922,23.853296,25.41248,26.356738,27.54877,28.909257,30.116431]",17.0,1.0,16.0,
6a02fc6e1186071261f2734f,"[17,4,11,21,13,14,1,12,7,3,18,10,9,25,30,27,5,15,19,8,29,6,26,16,20,23,24,2,22,28]",beach,Predictable,"[1.460791,2.468562,3.964632,4.924966,7.828866,9.10078,10.780813,11.940959,13.156954,14.252536,15.204644,16.428726,17.556872,18.716635,19.820657,20.997318,22.188792,24.396881,25.572758]",19.0,1.0,17.0,
6a02fc6e1186071261f2734f,"[17,4,11,21,13,14,1,12,7,3,18,10,9,25,30,27,5,15,19,8,29,6,26,16,20,23,24,2,22,28]",laundry,Predictable,"[1.544496,3.288945,4.064951,5.728742,7.856625,10.944651,14.592792,15.448797,16.400863,18.584627,21.312713,24.072581,24.976918,26.248628,27.616678,29.081016]",16.0,1.0,18.0,
6a02fc6e1186071261f2734f,"[17,4,11,21,13,14,1,12,7,3,18,10,9,25,30,27,5,15,19,8,29,6,26,16,20,23,24,2,22,28]",party,Predictable,"[1.376545,2.232853,3.992635,5.360562,7.056523,9.144799,11.000796,12.921159,15.728391,19.816914,21.296623,24.200934,26.280909,28.872919,30.864535,32.312701,34.064719]",17.0,1.0,19.0,
6a02fc6e1186071261f2734f,"[17,4,11,21,13,14,1,12,7,3,18,10,9,25,30,27,5,15,19,8,29,6,26,16,20,23,24,2,22,28]",car,Predictable,"[1.852632,3.100506,3.932456,4.468629,5.492624,6.012613,7.020658,8.412832,9.668919,12.621175,14.07642,15.412715,17.172773,20.516825,23.445717,27.380942,29.253305,31.932708,33.49271,35.788816,37.925062]",21.0,1.0,20.0,
6a02fc6e1186071261f2734f,"[17,4,11,21,13,14,1,12,7,3,18,10,9,25,30,27,5,15,19,8,29,6,26,16,20,23,24,2,22,28]",walking,Predictable,"[1.91671,3.444545,5.588843,7.484526,9.068925,11.236777,12.612465,13.900606,15.564523,18.221186,20.429108]",11.0,1.0,21.0,
6a02fc6e1186071261f2734f,"[17,4,11,21,13,14,1,12,7,3,18,10,9,25,30,27,5,15,19,8,29,6,26,16,20,23,24,2,22,28]",bedding,Unpredictable,"[1.812524,3.26096,5.068755,7.132542,9.052929,11.276952,12.50853,15.868545,18.204791,19.732478,22.380792,24.068542,25.988745,29.084821,30.444562,32.164499,34.20495]",17.0,1.0,22.0,
6a02fc6e1186071261f2734f,"[17,4,11,21,13,14,1,12,7,3,18,10,9,25,30,27,5,15,19,8,29,6,26,16,20,23,24,2,22,28]",sunbathing,Predictable,"[3.176841,5.480606,8.056906,9.056667,12.849018,15.073204,17.312842,18.120964,19.4647,22.968792,24.144751,26.472951,29.912554,31.28853,32.544785,33.776723,36.24858,38.064911]",18.0,1.0,23.0,
6a02fc6e1186071261f2734f,"[17,4,11,21,13,14,1,12,7,3,18,10,9,25,30,27,5,15,19,8,29,6,26,16,20,23,24,2,22,28]",mouse,Predictable,"[2.00516,3.541247,6.884528,8.300804,9.308859,10.573021,11.773204,13.012781,14.404627,16.36489,19.780764,21.244634,23.525507,25.252483,26.50861,27.140801,29.14965]",17.0,1.0,24.0,
6a02fc6e1186071261f2734f,"[17,4,11,21,13,14,1,12,7,3,18,10,9,25,30,27,5,15,19,8,29,6,26,16,20,23,24,2,22,28]",poster,Unpredictable,"[1.396866,2.340683,3.796713,4.908642,6.668852,7.988674,9.42887,10.948531,12.021104,13.708601,14.612425,16.820713,18.316716,20.349131,21.549532,22.4205]",16.0,1.0,25.0,
6a02fc6e1186071261f2734f,"[17,4,11,21,13,14,1,12,7,3,18,10,9,25,30,27,5,15,19,8,29,6,26,16,20,23,24,2,22,28]",shopping,Unpredictable,"[1.208611,2.272639,3.400563,5.329114,6.864602,7.816767,8.960986,11.376608]",8.0,1.0,26.0,
6a02fc6e1186071261f2734f,"[17,4,11,21,13,14,1,12,7,3,18,10,9,25,30,27,5,15,19,8,29,6,26,16,20,23,24,2,22,28]",skateboard,Predictable,"[1.368729,2.241394,3.512477,4.792656,6.088555,7.22464,10.504548,11.768965,15.128936,16.312616,17.688625,19.696802,21.216602,22.752772]",14.0,1.0,27.0,
6a02fc6e1186071261f2734f,"[17,4,11,21,13,14,1,12,7,3,18,10,9,25,30,27,5,15,19,8,29,6,26,16,20,23,24,2,22,28]",balcony,Unpredictable,"[1.092655,2.444611,4.148587,6.796874,8.268531,9.629534,10.828931,12.140631,13.412717,14.724956,15.716789,16.620984,18.068993,19.245025,21.420672,23.252704,24.460824,25.876773]",18.0,1.0,28.0,
6a02fc6e1186071261f2734f,"[17,4,11,21,13,14,1,12,7,3,18,10,9,25,30,27,5,15,19,8,29,6,26,16,20,23,24,2,22,28]",record,Unpredictable,"[1.256701,2.480624,3.328948,4.2248,5.760723,7.056569,8.968896,10.192651,11.720861,13.06498,14.320689,16.001129,18.432605]",13.0,1.0,29.0,
6a02fc6e1186071261f2734f,"[17,4,11,21,13,14,1,12,7,3,18,10,9,25,30,27,5,15,19,8,29,6,26,16,20,23,24,2,22,28]",tennis,Unpredictable,"[1.329018,2.960867,4.264543,5.320889,6.648512,10.38531,11.62459,12.800543,14.216637,16.568835,19.136508,20.536575,22.832398,24.776685,26.184632,27.152657,28.448715,29.448798]",18.0,1.0,30.0,
6a02fc6e1186071261f2734f,"[17,4,11,21,13,14,1,12,7,3,18,10,9,25,30,27,5,15,19,8,29,6,26,16,20,23,24,2,22,28]",music,Predictable,"[0.286893,2.502565,3.727003,7.310816,9.90254,11.606349,13.518463,15.590608,17.766534,19.014934,21.654442,22.838346,24.646363,26.366456,27.502304,28.638406,29.60654,30.502365,31.982521,34.246642,35.575351]",21.0,2.0,1.0,
6a02fc6e1186071261f2734f,"[17,4,11,21,13,14,1,12,7,3,18,10,9,25,30,27,5,15,19,8,29,6,26,16,20,23,24,2,22,28]",bathroom,Predictable,"[0.714338,1.738776,2.890667,4.386822,5.946606,6.946467,8.714653,9.491268,11.274549,12.186773,13.995105,14.795324,15.850479,16.938418,17.8744,18.7226,19.786493,22.17104,23.418864,24.506748,25.595098,27.098696,29.186495,30.058464,32.810781,34.267172]",26.0,2.0,2.0,
6a02fc6e1186071261f2734f,"[17,4,11,21,13,14,1,12,7,3,18,10,9,25,30,27,5,15,19,8,29,6,26,16,20,23,24,2,22,28]",fireplace,Predictable,"[0.802619,3.706664,4.99435,5.818442,7.674871,10.058412,10.906781,12.234498,14.107054,16.986675,22.08269,23.674776,25.098432,26.258744,27.93908,28.754433,29.33851,30.058619]",18.0,2.0,3.0,
6a02fc6e1186071261f2734f,"[17,4,11,21,13,14,1,12,7,3,18,10,9,25,30,27,5,15,19,8,29,6,26,16,20,23,24,2,22,28]",printer,Predictable,"[0.698547,2.434645,3.858604,6.386952,8.122282,9.154739,11.434613,15.018654,16.650579,18.490649,19.922623,21.299188,23.47498,24.37047,27.93114,28.922803,30.386476,31.187269,32.026592,32.986521,36.43503,40.802612,41.786528,43.146457,43.962889]",25.0,2.0,4.0,
6a02fc6e1186071261f2734f,"[17,4,11,21,13,14,1,12,7,3,18,10,9,25,30,27,5,15,19,8,29,6,26,16,20,23,24,2,22,28]",gym,Unpredictable,"[1.558893,2.566708,3.966502,4.878395,6.49425,7.39057,8.31887,12.022743,14.782895,16.238543,17.078775,17.999207,19.190635,20.014389,20.686375,21.742476,22.967529,26.326235]",18.0,2.0,5.0,
6a02fc6e1186071261f2734f,"[17,4,11,21,13,14,1,12,7,3,18,10,9,25,30,27,5,15,19,8,29,6,26,16,20,23,24,2,22,28]",lamp,Predictable,"[0.574634,3.430572,5.470574,7.75859,10.462218,11.710551,13.551039,17.142587,19.318358,22.430567,23.926712,25.19107,26.926868,28.823088]",14.0,2.0,6.0,
6a02fc6e1186071261f2734f,"[17,4,11,21,13,14,1,12,7,3,18,10,9,25,30,27,5,15,19,8,29,6,26,16,20,23,24,2,22,28]",baking,Unpredictable,"[0.890658,4.33081,6.058524,8.994563,10.843104,13.291346,16.394909,19.258763,20.834484,22.7145,24.178464,25.538567,28.091353]",13.0,2.0,7.0,
6a02fc6e1186071261f2734f,"[17,4,11,21,13,14,1,12,7,3,18,10,9,25,30,27,5,15,19,8,29,6,26,16,20,23,24,2,22,28]",football,Predictable,"[3.074397,6.091032,8.635192,12.714629,14.194377,15.722497,16.362786,17.402405,18.418824,19.61064,20.874941,21.962926,23.930809,26.451012,28.898511,29.938633,31.474444,32.474397,34.49873]",19.0,2.0,8.0,
6a02fc6e1186071261f2734f,"[17,4,11,21,13,14,1,12,7,3,18,10,9,25,30,27,5,15,19,8,29,6,26,16,20,23,24,2,22,28]",bike,Unpredictable,"[2.078872,5.15062,7.142431,8.094782,8.719639,9.734471,10.622586,11.758991,13.566671,17.33455,19.527341,21.414486,22.758573,25.134555,28.966587]",15.0,2.0,9.0,
6a02fc6e1186071261f2734f,"[17,4,11,21,13,14,1,12,7,3,18,10,9,25,30,27,5,15,19,8,29,6,26,16,20,23,24,2,22,28]",bank,Predictable,"[1.43496,3.707127,4.618668,6.2505,7.77054,9.2425,10.418679,11.498776,12.722774,14.211647,15.986791,17.426769,18.602805]",13.0,2.0,10.0,
6a02fc6e1186071261f2734f,"[17,4,11,21,13,14,1,12,7,3,18,10,9,25,30,27,5,15,19,8,29,6,26,16,20,23,24,2,22,28]",painting,Unpredictable,"[2.130688,5.482935,7.794432,9.779281,11.346483,12.954297,16.082706,17.914396,19.834659,22.171117,23.466705,24.402945]",12.0,2.0,11.0,
6a02fc6e1186071261f2734f,"[17,4,11,21,13,14,1,12,7,3,18,10,9,25,30,27,5,15,19,8,29,6,26,16,20,23,24,2,22,28]",cleaning,Predictable,"[1.226786,2.834463,4.530932,6.442741,7.610577,8.610732,11.138706,12.298362,13.778588,14.930977,18.754626,20.210555,21.795107,24.114458,25.218538,28.946553]",16.0,2.0,12.0,
6a02fc6e1186071261f2734f,"[17,4,11,21,13,14,1,12,7,3,18,10,9,25,30,27,5,15,19,8,29,6,26,16,20,23,24,2,22,28]",cereal,Unpredictable,"[0.782499,1.679423,3.478601,5.647025,7.286701,10.439363,12.886495,16.382674,18.102601,21.630702,24.486497,26.326546,28.57417,30.175023,31.750756,33.022521,34.006614,34.918277,36.014688,37.206762]",20.0,2.0,13.0,
6a02fc6e1186071261f2734f,"[17,4,11,21,13,14,1,12,7,3,18,10,9,25,30,27,5,15,19,8,29,6,26,16,20,23,24,2,22,28]",suitcase,Predictable,"[0.9308,2.170772,3.530403,4.722623,6.17854,7.178396,8.050639,8.946996,10.162529,11.731101,13.251084,14.930634,16.458796,17.610672,20.098601,21.514701,22.482387,23.554659,26.499083]",19.0,2.0,14.0,
6a02fc6e1186071261f2734f,"[17,4,11,21,13,14,1,12,7,3,18,10,9,25,30,27,5,15,19,8,29,6,26,16,20,23,24,2,22,28]",whiteboard,Predictable,"[0.823065,4.758591,6.214496,8.518584,9.286495,12.214656,13.798486,14.982594,16.750698,18.134541,20.143126,20.934439,23.078385,23.990833,25.598611,26.822709,28.982481,29.606691,33.278506]",19.0,2.0,15.0,
6a02fc6e1186071261f2734f,"[17,4,11,21,13,14,1,12,7,3,18,10,9,25,30,27,5,15,19,8,29,6,26,16,20,23,24,2,22,28]",tea,Predictable,"[1.218408,2.562629,3.474422,4.898572,6.162522,7.258737,8.522659,9.130753,11.195109,12.074445,14.266551,15.074428,18.074507,19.098919,22.018629,23.67439,25.090581,26.322656,27.754635,28.746462,29.674732]",21.0,2.0,16.0,
6a02fc6e1186071261f2734f,"[17,4,11,21,13,14,1,12,7,3,18,10,9,25,30,27,5,15,19,8,29,6,26,16,20,23,24,2,22,28]",beach,Unpredictable,"[1.05074,3.338406,7.946909,9.067496,10.747587,11.722554,12.682702,13.65052,14.802391,16.034569,17.202964,18.65877,19.650382,20.602478,21.794706,22.994439,24.066697,25.170723]",18.0,2.0,17.0,
6a02fc6e1186071261f2734f,"[17,4,11,21,13,14,1,12,7,3,18,10,9,25,30,27,5,15,19,8,29,6,26,16,20,23,24,2,22,28]",laundry,Unpredictable,"[0.923348,2.818762,3.858245,6.027044,10.666669,12.466573,15.474472,16.666949,18.442714,20.699855,21.890566,23.850987,24.722772,25.65035,27.362589,28.706316]",16.0,2.0,18.0,
6a02fc6e1186071261f2734f,"[17,4,11,21,13,14,1,12,7,3,18,10,9,25,30,27,5,15,19,8,29,6,26,16,20,23,24,2,22,28]",party,Unpredictable,"[0.830505,1.830968,4.758704,6.174695,7.99851,11.575233,12.919122,14.358848,16.790913,19.134406,21.998611,24.950893,26.926711,29.102526,32.070718,34.006765]",16.0,2.0,19.0,
6a02fc6e1186071261f2734f,"[17,4,11,21,13,14,1,12,7,3,18,10,9,25,30,27,5,15,19,8,29,6,26,16,20,23,24,2,22,28]",car,Unpredictable,"[0.994776,3.098482,3.811127,4.626287,5.130303,6.770471,7.810897,9.330322,12.546618,14.034388,15.418632,16.538527,17.914671,20.218651,24.250519,26.170488,29.546727,31.298586,34.154506,36.562571,37.698633]",21.0,2.0,20.0,
6a02fc6e1186071261f2734f,"[17,4,11,21,13,14,1,12,7,3,18,10,9,25,30,27,5,15,19,8,29,6,26,16,20,23,24,2,22,28]",walking,Unpredictable,"[0.970564,2.522565,3.410501,5.394375,7.154708,8.218611,9.282839,10.930416,12.722418,13.826425,14.994514,16.506423,18.210399,19.546671,20.810924]",15.0,2.0,21.0,
6a02fc6e1186071261f2734f,"[17,4,11,21,13,14,1,12,7,3,18,10,9,25,30,27,5,15,19,8,29,6,26,16,20,23,24,2,22,28]",bedding,Predictable,"[0.995162,3.202636,4.506426,6.498725,8.274392,10.40259,12.322514,16.19431,19.947428,21.538783,24.498889,26.347304,28.938494,30.794618,32.186711,33.466642,34.674711]",17.0,2.0,22.0,
6a02fc6e1186071261f2734f,"[17,4,11,21,13,14,1,12,7,3,18,10,9,25,30,27,5,15,19,8,29,6,26,16,20,23,24,2,22,28]",sunbathing,Unpredictable,"[3.1992,5.35114,7.350746,8.622439,12.190697,15.183256,18.086583,20.790712,21.766706,23.022512,24.006279,28.4226,31.302495,32.150437,33.12649,34.462944,35.590677,37.198942]",18.0,2.0,23.0,
6a02fc6e1186071261f2734f,"[17,4,11,21,13,14,1,12,7,3,18,10,9,25,30,27,5,15,19,8,29,6,26,16,20,23,24,2,22,28]",mouse,Unpredictable,"[3.614468,6.542811,8.407079,9.142957,10.350758,11.470305,12.222485,13.142696,15.934583,16.966435,18.542465,23.830945,24.766554,26.142689,29.327453]",15.0,2.0,24.0,
6a02fc6e1186071261f2734f,"[17,4,11,21,13,14,1,12,7,3,18,10,9,25,30,27,5,15,19,8,29,6,26,16,20,23,24,2,22,28]",poster,Predictable,"[2.134562,3.286706,4.942503,6.342375,8.190763,9.287644,11.510848,16.703181,18.206725,20.694625,22.070751]",11.0,2.0,25.0,
6a02fc6e1186071261f2734f,"[17,4,11,21,13,14,1,12,7,3,18,10,9,25,30,27,5,15,19,8,29,6,26,16,20,23,24,2,22,28]",shopping,Predictable,"[1.055423,2.270759,3.574447,5.662622,7.646861,8.863338,10.663191]",7.0,2.0,26.0,
6a02fc6e1186071261f2734f,"[17,4,11,21,13,14,1,12,7,3,18,10,9,25,30,27,5,15,19,8,29,6,26,16,20,23,24,2,22,28]",skateboard,Unpredictable,"[1.182725,2.318513,3.734496,5.254461,6.007489,6.974568,9.431078,11.254549,15.110457,16.366657,17.662926,19.622806,21.190852,23.054681]",14.0,2.0,27.0,
6a02fc6e1186071261f2734f,"[17,4,11,21,13,14,1,12,7,3,18,10,9,25,30,27,5,15,19,8,29,6,26,16,20,23,24,2,22,28]",balcony,Predictable,"[1.094469,2.422294,3.990525,5.902768,7.119116,8.742376,9.646515,11.710749,13.150539,14.598555,15.710575,16.582631,18.374463,19.822976,21.535341,23.366376,24.638151,26.038625,26.98264]",19.0,2.0,28.0,
6a02fc6e1186071261f2734f,"[17,4,11,21,13,14,1,12,7,3,18,10,9,25,30,27,5,15,19,8,29,6,26,16,20,23,24,2,22,28]",record,Predictable,"[1.010503,1.674607,2.338723,3.051087,3.890346,4.77852,7.138899,9.666696,11.227057,12.826512,14.866597,16.682504,18.130716]",13.0,2.0,29.0,
6a02fc6e1186071261f2734f,"[17,4,11,21,13,14,1,12,7,3,18,10,9,25,30,27,5,15,19,8,29,6,26,16,20,23,24,2,22,28]",tennis,Predictable,"[1.154531,4.138561,5.786526,8.651019,9.946898,10.754516,11.610728,13.314642,14.387043,15.442264,18.138624,19.786696,22.770904,24.626589,27.147147,28.418373]",16.0,2.0,30.0,
699f870f1185d9ba60a6e928,"[16,19,14,30,15,13,24,28,25,21,4,20,7,5,22,1,10,17,18,11,3,23,29,9,12,8,26,2,27,6]",mouse,Predictable,"[1.302752,2.908234,4.150265,6.705085,8.475631,10.462915,12.16298,14.439289,16.911042,18.917936,21.345866,23.828052,25.230386,27.72733]",14.0,1.0,1.0,
699f870f1185d9ba60a6e928,"[16,19,14,30,15,13,24,28,25,21,4,20,7,5,22,1,10,17,18,11,3,23,29,9,12,8,26,2,27,6]",party,Unpredictable,"[1.136756,2.660713,4.492266,6.103113,8.970261,13.176404,14.385475,17.176857,20.223557,21.795537,26.078733,30.247271,32.226702,34.279081]",14.0,1.0,2.0,
699f870f1185d9ba60a6e928,"[16,19,14,30,15,13,24,28,25,21,4,20,7,5,22,1,10,17,18,11,3,23,29,9,12,8,26,2,27,6]",lamp,Predictable,"[1.436157,5.585246,8.18641,11.124053,13.986093,17.626464,21.140327,23.67729,25.547748,28.490173]",10.0,1.0,3.0,
699f870f1185d9ba60a6e928,"[16,19,14,30,15,13,24,28,25,21,4,20,7,5,22,1,10,17,18,11,3,23,29,9,12,8,26,2,27,6]",whiteboard,Unpredictable,"[1.279246,2.138974,3.058407,3.730217,4.530067,6.187963,7.066661,8.522854,11.003138,13.427554,15.582769,17.925177,21.067352,24.21157,26.17812,28.702463,30.392805,31.657808,33.411663,35.259242]",20.0,1.0,4.0,
699f870f1185d9ba60a6e928,"[16,19,14,30,15,13,24,28,25,21,4,20,7,5,22,1,10,17,18,11,3,23,29,9,12,8,26,2,27,6]",laundry,Predictable,"[1.215442,4.104838,6.933245,10.050256,11.742712,14.919079,18.090265,19.063315,22.073736,25.04639,27.224611,29.172298]",12.0,1.0,5.0,
699f870f1185d9ba60a6e928,"[16,19,14,30,15,13,24,28,25,21,4,20,7,5,22,1,10,17,18,11,3,23,29,9,12,8,26,2,27,6]",gym,Predictable,"[2.299977,3.955108,5.597326,7.498848,9.769448,12.231346,14.456097,16.071223,17.629562,19.29889,21.221896,23.282799,25.322719,26.898738,29.053289]",15.0,1.0,6.0,
699f870f1185d9ba60a6e928,"[16,19,14,30,15,13,24,28,25,21,4,20,7,5,22,1,10,17,18,11,3,23,29,9,12,8,26,2,27,6]",skateboard,Predictable,"[1.779085,3.017614,4.871686,6.205824,7.322361,9.125879,10.88184,12.383305,14.755864,16.698182,19.891105,22.557494,23.551606]",13.0,1.0,7.0,
699f870f1185d9ba60a6e928,"[16,19,14,30,15,13,24,28,25,21,4,20,7,5,22,1,10,17,18,11,3,23,29,9,12,8,26,2,27,6]",tennis,Unpredictable,"[0.659643,2.460677,3.593486,5.759164,7.967515,10.367443,11.649745,13.743457,15.43209,17.708628,20.042827,21.917273,23.793413,25.817836,27.270226,29.087018]",16.0,1.0,8.0,
699f870f1185d9ba60a6e928,"[16,19,14,30,15,13,24,28,25,21,4,20,7,5,22,1,10,17,18,11,3,23,29,9,12,8,26,2,27,6]",suitcase,Predictable,"[0.950727,2.229152,4.189088,6.076794,8.264635,10.74953,12.44845,15.431016,16.848451,18.488455,20.575574,23.417437,25.10576,26.956618]",14.0,1.0,9.0,
699f870f1185d9ba60a6e928,"[16,19,14,30,15,13,24,28,25,21,4,20,7,5,22,1,10,17,18,11,3,23,29,9,12,8,26,2,27,6]",printer,Unpredictable,"[0.910587,2.533412,3.778793,5.218643,6.773814,8.36199,10.713765,12.395633,15.03148,16.61502,18.677969,21.466743,24.026865,26.90584,29.610496,31.518068,33.033669,34.464982,36.011462,38.070697,40.156174,41.935846,43.280236]",23.0,1.0,10.0,
699f870f1185d9ba60a6e928,"[16,19,14,30,15,13,24,28,25,21,4,20,7,5,22,1,10,17,18,11,3,23,29,9,12,8,26,2,27,6]",bathroom,Predictable,"[2.523524,4.581815,6.372658,7.784735,9.949021,11.816889,13.700823,15.390799,17.285094,18.976337,21.65212,23.426765,24.720998,26.598978,28.845824,30.294338,31.869709,34.120424]",18.0,1.0,11.0,
699f870f1185d9ba60a6e928,"[16,19,14,30,15,13,24,28,25,21,4,20,7,5,22,1,10,17,18,11,3,23,29,9,12,8,26,2,27,6]",poster,Unpredictable,"[1.093136,2.564016,4.032048,5.728408,7.244429,8.789271,10.487843,12.039573,13.926993,15.861027,17.874364,19.511152,21.239946,22.602536]",14.0,1.0,12.0,
699f870f1185d9ba60a6e928,"[16,19,14,30,15,13,24,28,25,21,4,20,7,5,22,1,10,17,18,11,3,23,29,9,12,8,26,2,27,6]",bike,Predictable,"[0.851458,2.899135,5.228218,6.849471,8.663392,10.60665,12.224778,14.208969,16.242562,18.643085,20.250169,21.288966,22.252139,23.017964,24.684794,27.555049]",16.0,1.0,13.0,
699f870f1185d9ba60a6e928,"[16,19,14,30,15,13,24,28,25,21,4,20,7,5,22,1,10,17,18,11,3,23,29,9,12,8,26,2,27,6]",beach,Unpredictable,"[0.909943,2.407359,4.647416,6.426389,8.392715,10.624214,12.815193,14.378903,16.035469,17.252523,18.428298,19.458696,20.359672,21.799137,23.457081,24.73747,26.328921]",17.0,1.0,14.0,
699f870f1185d9ba60a6e928,"[16,19,14,30,15,13,24,28,25,21,4,20,7,5,22,1,10,17,18,11,3,23,29,9,12,8,26,2,27,6]",record,Predictable,"[0.934355,2.206339,3.47242,4.226955,5.274579,7.303527,9.105262,10.443915,12.105965,14.266663,16.771108,19.087725]",12.0,1.0,15.0,
699f870f1185d9ba60a6e928,"[16,19,14,30,15,13,24,28,25,21,4,20,7,5,22,1,10,17,18,11,3,23,29,9,12,8,26,2,27,6]",baking,Predictable,"[2.185438,4.140587,5.857976,7.190744,10.537192,11.879222,14.495564,16.770316,19.293442,20.934841,22.420474,24.069051,25.342466,28.054849]",14.0,1.0,16.0,
699f870f1185d9ba60a6e928,"[16,19,14,30,15,13,24,28,25,21,4,20,7,5,22,1,10,17,18,11,3,23,29,9,12,8,26,2,27,6]",cleaning,Unpredictable,"[1.183349,3.10768,4.851803,6.684723,8.084826,9.606376,11.40498,12.830853,14.526457,17.242756,19.645976,21.410141,23.415191,25.463129,26.666707,28.103358,29.842768]",17.0,1.0,17.0,
699f870f1185d9ba60a6e928,"[16,19,14,30,15,13,24,28,25,21,4,20,7,5,22,1,10,17,18,11,3,23,29,9,12,8,26,2,27,6]",music,Predictable,"[1.115703,3.748245,5.890214,7.500607,9.245342,11.049628,12.477466,14.855426,17.12033,19.877645,21.88262,23.265527,25.19236,27.225135,28.89596,30.827814,33.147786,34.655279,37.485342]",19.0,1.0,18.0,
699f870f1185d9ba60a6e928,"[16,19,14,30,15,13,24,28,25,21,4,20,7,5,22,1,10,17,18,11,3,23,29,9,12,8,26,2,27,6]",painting,Unpredictable,"[1.483578,3.753272,5.657225,7.586199,9.770794,11.404881,12.759558,14.656306,16.428684,18.191427,19.945335,21.304759,22.554479,23.621183]",14.0,1.0,19.0,
699f870f1185d9ba60a6e928,"[16,19,14,30,15,13,24,28,25,21,4,20,7,5,22,1,10,17,18,11,3,23,29,9,12,8,26,2,27,6]",fireplace,Predictable,"[0.746285,2.200905,3.250844,5.654261,8.671895,10.467998,12.018625,14.384519,16.078283,17.637798,19.184643,21.466125,22.81681,24.427077,26.467796,28.452026,30.068397]",17.0,1.0,20.0,
699f870f1185d9ba60a6e928,"[16,19,14,30,15,13,24,28,25,21,4,20,7,5,22,1,10,17,18,11,3,23,29,9,12,8,26,2,27,6]",bank,Unpredictable,"[1.39344,2.444108,4.064054,6.093588,7.854444,10.00482,11.625203,13.043919,15.176311,16.93565,18.777158]",11.0,1.0,21.0,
699f870f1185d9ba60a6e928,"[16,19,14,30,15,13,24,28,25,21,4,20,7,5,22,1,10,17,18,11,3,23,29,9,12,8,26,2,27,6]",shopping,Unpredictable,"[0.651088,1.937237,3.208549,4.287555,7.205338,9.080596,11.40042]",7.0,1.0,22.0,
699f870f1185d9ba60a6e928,"[16,19,14,30,15,13,24,28,25,21,4,20,7,5,22,1,10,17,18,11,3,23,29,9,12,8,26,2,27,6]",walking,Predictable,"[0.586685,2.817161,4.557271,6.12975,7.908859,9.718689,11.466576,12.77253,14.332095,15.909088,17.565547,19.209743,21.065527]",13.0,1.0,23.0,
699f870f1185d9ba60a6e928,"[16,19,14,30,15,13,24,28,25,21,4,20,7,5,22,1,10,17,18,11,3,23,29,9,12,8,26,2,27,6]",cereal,Unpredictable,"[0.559407,2.030437,3.195159,5.169466,7.136625,9.792915,11.916579,13.714123,15.634285,17.309413,19.919976,22.054564,23.879939,26.24978,29.000354,30.234118,32.316469,33.996367,35.888256,37.183107]",20.0,1.0,24.0,
699f870f1185d9ba60a6e928,"[16,19,14,30,15,13,24,28,25,21,4,20,7,5,22,1,10,17,18,11,3,23,29,9,12,8,26,2,27,6]",football,Unpredictable,"[0.875299,2.760122,4.405987,6.217984,7.544201,8.545581,10.117163,11.274418,12.854419,14.379513,15.862907,17.277124,18.750292,19.842638,20.662935,22.500721,23.898764,25.829422,27.038687,28.472287,29.795686,31.747801,32.595277,34.098243]",24.0,1.0,25.0,
699f870f1185d9ba60a6e928,"[16,19,14,30,15,13,24,28,25,21,4,20,7,5,22,1,10,17,18,11,3,23,29,9,12,8,26,2,27,6]",car,Predictable,"[0.68104,2.488167,4.344893,6.137166,7.580152,9.57451,11.940466,14.689341,16.449284,17.646884,20.089385,22.303267,23.695447,25.481073,27.005863,28.564425,30.268973,31.504249,33.168256,34.331083,35.790157,37.21979,38.486499]",23.0,1.0,26.0,
699f870f1185d9ba60a6e928,"[16,19,14,30,15,13,24,28,25,21,4,20,7,5,22,1,10,17,18,11,3,23,29,9,12,8,26,2,27,6]",sunbathing,Unpredictable,"[2.252787,4.557654,5.819226,7.175042,8.684913,11.581703,14.34678,16.469951,17.990704,19.620521,20.887622,22.082753,23.571572,24.85149,26.448938,28.440417,30.030991,31.229297,32.51583,33.725139,34.8049,36.354862,37.8806,39.147237]",24.0,1.0,27.0,
699f870f1185d9ba60a6e928,"[16,19,14,30,15,13,24,28,25,21,4,20,7,5,22,1,10,17,18,11,3,23,29,9,12,8,26,2,27,6]",balcony,Unpredictable,"[0.545948,1.804249,3.220064,4.813573,5.778286,6.89058,8.189061,10.009903,11.711192,12.995692,14.409106,15.991099,17.479896,19.334705,21.010739,22.935882,24.92909,27.367648]",18.0,1.0,28.0,
699f870f1185d9ba60a6e928,"[16,19,14,30,15,13,24,28,25,21,4,20,7,5,22,1,10,17,18,11,3,23,29,9,12,8,26,2,27,6]",tea,Predictable,"[2.044372,3.288984,5.501554,7.262706,9.124369,11.646454,13.510386,15.791322,18.721475,21.441677,23.984377,25.813792,27.69062,28.880197,30.655219]",15.0,1.0,29.0,
699f870f1185d9ba60a6e928,"[16,19,14,30,15,13,24,28,25,21,4,20,7,5,22,1,10,17,18,11,3,23,29,9,12,8,26,2,27,6]",bedding,Unpredictable,"[0.816301,2.685468,4.646256,6.253741,7.480518,9.442994,11.008615,12.611516,14.20726,16.468435,19.540832,21.953641,23.83888,26.165894,27.96803,29.826247,31.593609,33.666398]",18.0,1.0,30.0,
699f870f1185d9ba60a6e928,"[16,19,14,30,15,13,24,28,25,21,4,20,7,5,22,1,10,17,18,11,3,23,29,9,12,8,26,2,27,6]",mouse,Unpredictable,"[2.037632,3.579494,6.303697,8.124606,9.123719,10.281546,11.399766,12.887567,15.086245,16.987515,18.402382,19.681818,21.160821,22.811803,24.262704,26.068816,28.201467]",17.0,2.0,1.0,
699f870f1185d9ba60a6e928,"[16,19,14,30,15,13,24,28,25,21,4,20,7,5,22,1,10,17,18,11,3,23,29,9,12,8,26,2,27,6]",party,Predictable,"[0.910864,1.820212,3.201382,5.229235,7.672846,10.638277,12.394069,13.736376,16.142896,19.050522,21.581797,23.776516,26.686065,28.541596,30.234563,32.72921,34.705741]",17.0,2.0,2.0,
699f870f1185d9ba60a6e928,"[16,19,14,30,15,13,24,28,25,21,4,20,7,5,22,1,10,17,18,11,3,23,29,9,12,8,26,2,27,6]",lamp,Unpredictable,"[0.647031,2.701056,5.597184,7.96311,9.564867,11.02874,13.452001,15.554301,17.471231,19.001654,20.508163,22.769919,25.465863,27.076358,28.878779]",15.0,2.0,3.0,
699f870f1185d9ba60a6e928,"[16,19,14,30,15,13,24,28,25,21,4,20,7,5,22,1,10,17,18,11,3,23,29,9,12,8,26,2,27,6]",whiteboard,Predictable,"[0.744599,2.559198,5.077038,8.486981,12.066645,13.23054,14.767785,16.902199,18.036215,19.866443,21.439159,23.87653,24.835172,26.102502,28.612626,29.643012,31.701273,33.198109,34.529778,35.740404]",20.0,2.0,4.0,
699f870f1185d9ba60a6e928,"[16,19,14,30,15,13,24,28,25,21,4,20,7,5,22,1,10,17,18,11,3,23,29,9,12,8,26,2,27,6]",laundry,Unpredictable,"[0.673964,2.129644,3.486075,4.814479,7.029205,8.386442,10.297083,12.085888,14.103582,15.393071,17.144299,18.517723,20.98319,23.586842,24.863843,26.030769,27.753107,29.532086]",18.0,2.0,5.0,
699f870f1185d9ba60a6e928,"[16,19,14,30,15,13,24,28,25,21,4,20,7,5,22,1,10,17,18,11,3,23,29,9,12,8,26,2,27,6]",gym,Unpredictable,"[0.741772,2.117671,3.225608,4.4861,5.589389,6.524343,7.468066,8.445239,10.202243,12.493858,13.516346,15.753075,17.179393,18.221052,19.120758,20.48089,21.670216,22.957576,24.156366,25.55329,26.881821,28.631608]",22.0,2.0,6.0,
699f870f1185d9ba60a6e928,"[16,19,14,30,15,13,24,28,25,21,4,20,7,5,22,1,10,17,18,11,3,23,29,9,12,8,26,2,27,6]",skateboard,Unpredictable,"[1.405578,2.739121,3.746706,5.1047,6.241937,7.381344,9.145988,11.090794,12.387563,13.799036,15.901973,17.644064,19.662743,21.250153,22.635571,23.812713]",16.0,2.0,7.0,
699f870f1185d9ba60a6e928,"[16,19,14,30,15,13,24,28,25,21,4,20,7,5,22,1,10,17,18,11,3,23,29,9,12,8,26,2,27,6]",tennis,Predictable,"[1.200871,3.823842,6.344726,7.77324,9.163678,10.587642,11.689884,12.981756,13.954435,15.917989,17.446022,18.760758,20.322929,22.079675,24.007044,25.080722,26.57441,28.370457]",18.0,2.0,8.0,
699f870f1185d9ba60a6e928,"[16,19,14,30,15,13,24,28,25,21,4,20,7,5,22,1,10,17,18,11,3,23,29,9,12,8,26,2,27,6]",suitcase,Unpredictable,"[1.464802,2.331894,4.372822,6.038169,7.452395,8.792649,10.415159,11.66333,12.549192,13.815152,15.867705,17.310822,18.591121,20.342775,21.638938,23.263872,24.515432,26.226244]",18.0,2.0,9.0,
699f870f1185d9ba60a6e928,"[16,19,14,30,15,13,24,28,25,21,4,20,7,5,22,1,10,17,18,11,3,23,29,9,12,8,26,2,27,6]",printer,Predictable,"[0.516232,2.026686,3.220961,4.234022,5.674365,7.076779,8.240161,9.577987,10.965866,12.174192,13.452355,14.789155,16.008188,17.285288,18.8108,20.595828,21.773488,23.302384,24.506663,26.052098,27.351352,28.823048,30.066931,31.441038,32.760798,33.809931,34.74382,35.801282,36.765655,37.939281,39.316526,41.40721,42.683296]",33.0,2.0,10.0,
699f870f1185d9ba60a6e928,"[16,19,14,30,15,13,24,28,25,21,4,20,7,5,22,1,10,17,18,11,3,23,29,9,12,8,26,2,27,6]",bathroom,Unpredictable,"[0.725576,2.030063,3.47581,4.952317,7.059564,9.756877,11.028932,12.563725,14.692487,17.302654,19.236759,20.402428,21.688144,22.880643,23.844133,24.908567,26.043541,27.018967,28.57421,29.959024,31.745131,33.276703,34.752294]",23.0,2.0,11.0,
699f870f1185d9ba60a6e928,"[16,19,14,30,15,13,24,28,25,21,4,20,7,5,22,1,10,17,18,11,3,23,29,9,12,8,26,2,27,6]",poster,Predictable,"[0.798001,2.176778,3.430591,3.639746,5.07525,6.947503,9.11635,10.224693,12.308343,13.837519,16.174532,17.897792,18.088178,19.1943,21.04132,22.313523,23.521761]",17.0,2.0,12.0,rapid_successive_press
699f870f1185d9ba60a6e928,"[16,19,14,30,15,13,24,28,25,21,4,20,7,5,22,1,10,17,18,11,3,23,29,9,12,8,26,2,27,6]",bike,Unpredictable,"[1.532706,2.852902,4.315496,6.391603,8.376069,10.697556,12.304551,14.279655,15.859391,18.146032,19.480928,21.634479,22.89454,24.620462,26.90175,28.745182]",16.0,2.0,13.0,
699f870f1185d9ba60a6e928,"[16,19,14,30,15,13,24,28,25,21,4,20,7,5,22,1,10,17,18,11,3,23,29,9,12,8,26,2,27,6]",beach,Predictable,"[1.398515,2.774787,4.155792,5.952322,7.877242,10.373826,11.696324,13.370258,14.282429,15.686436,17.955378,19.656376,21.470709,23.105781,24.44577]",15.0,2.0,14.0,
699f870f1185d9ba60a6e928,"[16,19,14,30,15,13,24,28,25,21,4,20,7,5,22,1,10,17,18,11,3,23,29,9,12,8,26,2,27,6]",record,Unpredictable,"[0.695512,3.076242,4.610807,6.280134,8.013534,9.874943,11.136198,12.658726,14.516852,16.538411,18.057729]",11.0,2.0,15.0,
699f870f1185d9ba60a6e928,"[16,19,14,30,15,13,24,28,25,21,4,20,7,5,22,1,10,17,18,11,3,23,29,9,12,8,26,2,27,6]",baking,Unpredictable,"[1.106677,4.245951,5.826766,7.029667,8.102141,10.02691,11.09963,13.19258,15.993075,17.141624,18.97454,20.756917,22.26934,23.987154,25.047415,27.878044]",16.0,2.0,16.0,
699f870f1185d9ba60a6e928,"[16,19,14,30,15,13,24,28,25,21,4,20,7,5,22,1,10,17,18,11,3,23,29,9,12,8,26,2,27,6]",cleaning,Predictable,"[1.065412,2.232482,3.354318,5.060503,6.680789,8.26156,10.406551,12.061651,13.9405,15.464278,17.660705,19.609089,21.485567,24.042334,25.365504,26.947498,28.143391,29.68958]",18.0,2.0,17.0,
699f870f1185d9ba60a6e928,"[16,19,14,30,15,13,24,28,25,21,4,20,7,5,22,1,10,17,18,11,3,23,29,9,12,8,26,2,27,6]",music,Unpredictable,"[0.731385,3.609328,5.770721,7.706234,10.272544,12.481946,14.719502,16.298082,18.0926,19.270517,20.92396,22.252333,24.281868,26.07051,27.938857,29.903596,31.096447,33.125443,34.704614,36.545708]",20.0,2.0,18.0,
699f870f1185d9ba60a6e928,"[16,19,14,30,15,13,24,28,25,21,4,20,7,5,22,1,10,17,18,11,3,23,29,9,12,8,26,2,27,6]",painting,Predictable,"[0.79446,2.372747,4.028703,5.369169,6.918169,8.176384,9.820277,11.647032,13.281847,14.979855,17.333589,18.933383,20.415758,22.018538,23.30099,24.516682]",16.0,2.0,19.0,
699f870f1185d9ba60a6e928,"[16,19,14,30,15,13,24,28,25,21,4,20,7,5,22,1,10,17,18,11,3,23,29,9,12,8,26,2,27,6]",fireplace,Unpredictable,"[0.865176,1.94391,3.51481,4.817794,7.198055,9.156735,11.241398,12.483194,14.02059,15.766415,18.287763,20.220638,22.05937,23.798554,25.19606,26.27386,27.644796,29.43643,30.871522]",19.0,2.0,20.0,
699f870f1185d9ba60a6e928,"[16,19,14,30,15,13,24,28,25,21,4,20,7,5,22,1,10,17,18,11,3,23,29,9,12,8,26,2,27,6]",bank,Predictable,"[0.565136,1.540082,3.069029,4.720125,6.042918,7.97905,9.772906,10.933213,12.899241,14.585994,16.522442,17.86759,18.863642]",13.0,2.0,21.0,
699f870f1185d9ba60a6e928,"[16,19,14,30,15,13,24,28,25,21,4,20,7,5,22,1,10,17,18,11,3,23,29,9,12,8,26,2,27,6]",shopping,Predictable,"[0.708628,1.646308,2.789321,5.023411,7.036305,9.571828,11.597579]",7.0,2.0,22.0,
699f870f1185d9ba60a6e928,"[16,19,14,30,15,13,24,28,25,21,4,20,7,5,22,1,10,17,18,11,3,23,29,9,12,8,26,2,27,6]",walking,Unpredictable,"[0.78609,3.086401,5.322885,7.010383,8.558325,10.447919,12.32207,13.943253,15.618384,17.414051,18.724149,20.800945]",12.0,2.0,23.0,
699f870f1185d9ba60a6e928,"[16,19,14,30,15,13,24,28,25,21,4,20,7,5,22,1,10,17,18,11,3,23,29,9,12,8,26,2,27,6]",cereal,Predictable,"[0.618842,2.016324,3.308128,5.04748,6.916925,9.517552,11.581777,13.823035,16.025565,17.399858,20.762726,21.976549,24.268677,26.2376,28.696202,29.893051,30.958155,32.894883,34.402637,36.19558]",20.0,2.0,24.0,
699f870f1185d9ba60a6e928,"[16,19,14,30,15,13,24,28,25,21,4,20,7,5,22,1,10,17,18,11,3,23,29,9,12,8,26,2,27,6]",football,Predictable,"[0.532954,2.315151,4.269546,5.60846,7.86844,9.843692,12.334279,14.028894,16.466341,17.394628,18.556256,19.753734,21.841932,23.501893,24.865244,26.441888,28.063088,29.750445,31.403494,32.926075,34.950944]",21.0,2.0,25.0,
699f870f1185d9ba60a6e928,"[16,19,14,30,15,13,24,28,25,21,4,20,7,5,22,1,10,17,18,11,3,23,29,9,12,8,26,2,27,6]",car,Unpredictable,"[0.93472,1.822599,3.633582,4.762407,6.122844,8.397024,9.939205,11.246707,13.366249,14.502947,16.508824,17.764549,19.291837,21.265617,23.1832,24.546617,26.104603,27.757162,29.335161,31.607058,33.669374,35.952548,37.703319]",23.0,2.0,26.0,
699f870f1185d9ba60a6e928,"[16,19,14,30,15,13,24,28,25,21,4,20,7,5,22,1,10,17,18,11,3,23,29,9,12,8,26,2,27,6]",sunbathing,Predictable,"[2.207434,4.208982,6.910709,8.258063,9.971178,12.681077,15.182294,17.16134,19.261445,21.7424,23.262534,24.708891,26.458702,27.563611,29.267156,30.432845,31.305282,33.588052,36.032119,37.261419,38.542008]",21.0,2.0,27.0,
699f870f1185d9ba60a6e928,"[16,19,14,30,15,13,24,28,25,21,4,20,7,5,22,1,10,17,18,11,3,23,29,9,12,8,26,2,27,6]",balcony,Predictable,"[0.872858,1.914739,3.358199,5.272787,6.405412,8.015119,9.717109,10.800586,11.817289,12.970621,14.5768,15.94663,16.93252,18.18303,19.999328,21.108164,22.088908,23.217855,24.56202,25.77696,27.145174]",21.0,2.0,28.0,
699f870f1185d9ba60a6e928,"[16,19,14,30,15,13,24,28,25,21,4,20,7,5,22,1,10,17,18,11,3,23,29,9,12,8,26,2,27,6]",tea,Unpredictable,"[1.106785,2.06435,3.761657,6.006205,7.788207,9.172151,11.246547,13.167604,14.976379,18.06625,20.109591,21.408215,23.258405,24.896822,26.888802,28.82901,30.759186]",17.0,2.0,29.0,
699f870f1185d9ba60a6e928,"[16,19,14,30,15,13,24,28,25,21,4,20,7,5,22,1,10,17,18,11,3,23,29,9,12,8,26,2,27,6]",bedding,Predictable,"[0.511421,2.689733,4.281669,6.15931,8.052606,10.125811,12.263385,14.48406,16.545263,18.380639,20.07222,21.520842,23.854497,26.025843,27.690775,29.180575,30.854678,32.376348,33.676699]",19.0,2.0,30.0,
69ebf7ef9b1f438ecd629727,"[24,23,12,1,25,20,21,16,27,7,15,18,4,3,2,10,29,9,13,28,19,26,6,11,5,30,17,14,8,22]",skateboard,Predictable,"[0.963365,9.70836,15.109024,20.56969]",4.0,1.0,1.0,
69ebf7ef9b1f438ecd629727,"[24,23,12,1,25,20,21,16,27,7,15,18,4,3,2,10,29,9,13,28,19,26,6,11,5,30,17,14,8,22]",shopping,Predictable,"[1.065389,1.338056,5.372478,7.970195]",4.0,1.0,2.0,
69ebf7ef9b1f438ecd629727,"[24,23,12,1,25,20,21,16,27,7,15,18,4,3,2,10,29,9,13,28,19,26,6,11,5,30,17,14,8,22]",football,Unpredictable,"[1.609175,4.983696,8.97521,21.036527,29.931024]",5.0,1.0,3.0,
69ebf7ef9b1f438ecd629727,"[24,23,12,1,25,20,21,16,27,7,15,18,4,3,2,10,29,9,13,28,19,26,6,11,5,30,17,14,8,22]",baking,Predictable,"[2.475399,8.445632,18.077078,20.042107,22.037324,23.625887,26.251037]",7.0,1.0,4.0,
69ebf7ef9b1f438ecd629727,"[24,23,12,1,25,20,21,16,27,7,15,18,4,3,2,10,29,9,13,28,19,26,6,11,5,30,17,14,8,22]",suitcase,Predictable,"[1.009318,5.359323,8.748602,13.102648,17.302865,21.707306,25.325695]",7.0,1.0,5.0,
69ebf7ef9b1f438ecd629727,"[24,23,12,1,25,20,21,16,27,7,15,18,4,3,2,10,29,9,13,28,19,26,6,11,5,30,17,14,8,22]",poster,Predictable,"[3.67488,6.510209,13.079005,16.800656,21.732467]",5.0,1.0,6.0,
69ebf7ef9b1f438ecd629727,"[24,23,12,1,25,20,21,16,27,7,15,18,4,3,2,10,29,9,13,28,19,26,6,11,5,30,17,14,8,22]",printer,Unpredictable,"[4.349137,8.967195,14.63982,22.739729,25.554667,28.499186,33.419299,36.420652,40.379987,43.62059]",10.0,1.0,7.0,
69ebf7ef9b1f438ecd629727,"[24,23,12,1,25,20,21,16,27,7,15,18,4,3,2,10,29,9,13,28,19,26,6,11,5,30,17,14,8,22]",mouse,Unpredictable,"[2.7207,6.574843,12.980549,19.311703,24.682696,28.835794]",6.0,1.0,8.0,
69ebf7ef9b1f438ecd629727,"[24,23,12,1,25,20,21,16,27,7,15,18,4,3,2,10,29,9,13,28,19,26,6,11,5,30,17,14,8,22]",tea,Unpredictable,"[5.10662,6.938475,11.274935,17.245755,24.340603,27.849756,29.980622]",7.0,1.0,9.0,
69ebf7ef9b1f438ecd629727,"[24,23,12,1,25,20,21,16,27,7,15,18,4,3,2,10,29,9,13,28,19,26,6,11,5,30,17,14,8,22]",bike,Unpredictable,"[4.297751,11.017264,16.416061,20.182486,27.533827]",5.0,1.0,10.0,
69ebf7ef9b1f438ecd629727,"[24,23,12,1,25,20,21,16,27,7,15,18,4,3,2,10,29,9,13,28,19,26,6,11,5,30,17,14,8,22]",laundry,Predictable,"[2.430391,10.680545,14.130983,20.986412,24.529465,28.726925]",6.0,1.0,11.0,
69ebf7ef9b1f438ecd629727,"[24,23,12,1,25,20,21,16,27,7,15,18,4,3,2,10,29,9,13,28,19,26,6,11,5,30,17,14,8,22]",painting,Predictable,"[5.101349,11.927617,15.977429,21.242823,23.012499]",5.0,1.0,12.0,
69ebf7ef9b1f438ecd629727,"[24,23,12,1,25,20,21,16,27,7,15,18,4,3,2,10,29,9,13,28,19,26,6,11,5,30,17,14,8,22]",bathroom,Unpredictable,"[3.196346,6.285747,8.715992,12.480213,16.470974,18.181466,22.774178,26.98777,32.958652]",9.0,1.0,13.0,
69ebf7ef9b1f438ecd629727,"[24,23,12,1,25,20,21,16,27,7,15,18,4,3,2,10,29,9,13,28,19,26,6,11,5,30,17,14,8,22]",bank,Predictable,"[5.444147,9.873061,13.767698,18.044714]",4.0,1.0,14.0,
69ebf7ef9b1f438ecd629727,"[24,23,12,1,25,20,21,16,27,7,15,18,4,3,2,10,29,9,13,28,19,26,6,11,5,30,17,14,8,22]",balcony,Predictable,"[1.651142,4.383593,8.404094,11.855198,15.127473,16.879953,21.292383,25.835957]",8.0,1.0,15.0,
69ebf7ef9b1f438ecd629727,"[24,23,12,1,25,20,21,16,27,7,15,18,4,3,2,10,29,9,13,28,19,26,6,11,5,30,17,14,8,22]",cleaning,Unpredictable,"[2.659296,6.742873,10.794377,18.640265,21.548259,22.717733,28.79354]",7.0,1.0,16.0,
69ebf7ef9b1f438ecd629727,"[24,23,12,1,25,20,21,16,27,7,15,18,4,3,2,10,29,9,13,28,19,26,6,11,5,30,17,14,8,22]",walking,Unpredictable,"[2.971848,9.254391,14.06979,18.629069]",4.0,1.0,17.0,
69ebf7ef9b1f438ecd629727,"[24,23,12,1,25,20,21,16,27,7,15,18,4,3,2,10,29,9,13,28,19,26,6,11,5,30,17,14,8,22]",cereal,Unpredictable,"[2.08109,12.447154,21.44676,26.908351,30.508006,35.139904]",6.0,1.0,18.0,
69ebf7ef9b1f438ecd629727,"[24,23,12,1,25,20,21,16,27,7,15,18,4,3,2,10,29,9,13,28,19,26,6,11,5,30,17,14,8,22]",gym,Unpredictable,"[4.338183,7.443883,11.627654,17.269992,22.173877,24.34855]",6.0,1.0,19.0,
69ebf7ef9b1f438ecd629727,"[24,23,12,1,25,20,21,16,27,7,15,18,4,3,2,10,29,9,13,28,19,26,6,11,5,30,17,14,8,22]",tennis,Unpredictable,"[2.435907,6.110628,10.221768,14.829417,19.957951,23.932993,26.722201,28.012728]",8.0,1.0,20.0,
69ebf7ef9b1f438ecd629727,"[24,23,12,1,25,20,21,16,27,7,15,18,4,3,2,10,29,9,13,28,19,26,6,11,5,30,17,14,8,22]",party,Predictable,"[2.474101,6.360832,9.85369,18.405187,23.16097,28.275551,34.681047]",7.0,1.0,21.0,
69ebf7ef9b1f438ecd629727,"[24,23,12,1,25,20,21,16,27,7,15,18,4,3,2,10,29,9,13,28,19,26,6,11,5,30,17,14,8,22]",sunbathing,Unpredictable,"[3.833029,8.199349,11.768027,16.044402,21.594827,28.31382,33.44547,35.890156,39.024803]",9.0,1.0,22.0,
69ebf7ef9b1f438ecd629727,"[24,23,12,1,25,20,21,16,27,7,15,18,4,3,2,10,29,9,13,28,19,26,6,11,5,30,17,14,8,22]",bedding,Unpredictable,"[4.663093,9.960246,18.105879,23.235807,28.441217,31.741162]",6.0,1.0,23.0,
69ebf7ef9b1f438ecd629727,"[24,23,12,1,25,20,21,16,27,7,15,18,4,3,2,10,29,9,13,28,19,26,6,11,5,30,17,14,8,22]",fireplace,Predictable,"[2.798409,4.32962,6.53709,10.674341,13.212796,15.760465,18.189085,23.590854,27.91143]",9.0,1.0,24.0,
69ebf7ef9b1f438ecd629727,"[24,23,12,1,25,20,21,16,27,7,15,18,4,3,2,10,29,9,13,28,19,26,6,11,5,30,17,14,8,22]",beach,Unpredictable,"[2.785452,5.125987,12.341518,14.755254,16.766846,19.046201,22.106777,25.376607]",8.0,1.0,25.0,
69ebf7ef9b1f438ecd629727,"[24,23,12,1,25,20,21,16,27,7,15,18,4,3,2,10,29,9,13,28,19,26,6,11,5,30,17,14,8,22]",whiteboard,Unpredictable,"[6.383124,8.544433,13.08778,16.80973,20.485576,25.23926,29.079811]",7.0,1.0,26.0,
69ebf7ef9b1f438ecd629727,"[24,23,12,1,25,20,21,16,27,7,15,18,4,3,2,10,29,9,13,28,19,26,6,11,5,30,17,14,8,22]",music,Unpredictable,"[2.663445,11.049892,17.815525,21.220227,24.295253,30.026184,32.679324,37.21015]",8.0,1.0,27.0,
69ebf7ef9b1f438ecd629727,"[24,23,12,1,25,20,21,16,27,7,15,18,4,3,2,10,29,9,13,28,19,26,6,11,5,30,17,14,8,22]",lamp,Predictable,"[3.486069,6.891007,12.051241,22.086936,27.0381]",5.0,1.0,28.0,
69ebf7ef9b1f438ecd629727,"[24,23,12,1,25,20,21,16,27,7,15,18,4,3,2,10,29,9,13,28,19,26,6,11,5,30,17,14,8,22]",car,Predictable,"[2.848801,5.083923,12.644652,20.790099,28.863267,35.928867]",6.0,1.0,29.0,
69ebf7ef9b1f438ecd629727,"[24,23,12,1,25,20,21,16,27,7,15,18,4,3,2,10,29,9,13,28,19,26,6,11,5,30,17,14,8,22]",record,Predictable,"[5.765554,9.921679,14.496655,18.158961]",4.0,1.0,30.0,
69ebf7ef9b1f438ecd629727,"[24,23,12,1,25,20,21,16,27,7,15,18,4,3,2,10,29,9,13,28,19,26,6,11,5,30,17,14,8,22]",skateboard,Unpredictable,"[4.165105,9.233487,14.873883,19.491782,22.103988]",5.0,2.0,1.0,
69ebf7ef9b1f438ecd629727,"[24,23,12,1,25,20,21,16,27,7,15,18,4,3,2,10,29,9,13,28,19,26,6,11,5,30,17,14,8,22]",shopping,Unpredictable,"[1.242354,2.744098,4.079026,7.169632,9.538601]",5.0,2.0,2.0,
69ebf7ef9b1f438ecd629727,"[24,23,12,1,25,20,21,16,27,7,15,18,4,3,2,10,29,9,13,28,19,26,6,11,5,30,17,14,8,22]",football,Predictable,"[2.087169,4.890634,8.836877,15.226868,21.122739,23.641793,30.076867,32.508164]",8.0,2.0,3.0,
69ebf7ef9b1f438ecd629727,"[24,23,12,1,25,20,21,16,27,7,15,18,4,3,2,10,29,9,13,28,19,26,6,11,5,30,17,14,8,22]",baking,Unpredictable,"[2.030223,8.300098,14.556989,17.990854,19.896096,21.96583,23.091215,27.199883]",8.0,2.0,4.0,
69ebf7ef9b1f438ecd629727,"[24,23,12,1,25,20,21,16,27,7,15,18,4,3,2,10,29,9,13,28,19,26,6,11,5,30,17,14,8,22]",suitcase,Unpredictable,"[3.254374,5.32624,7.948587,13.214923,17.353594,22.109254,25.769745]",7.0,2.0,5.0,
69ebf7ef9b1f438ecd629727,"[24,23,12,1,25,20,21,16,27,7,15,18,4,3,2,10,29,9,13,28,19,26,6,11,5,30,17,14,8,22]",poster,Unpredictable,"[3.771632,6.17034,8.528183,11.137478,16.372227,19.912981,22.252254]",7.0,2.0,6.0,
69ebf7ef9b1f438ecd629727,"[24,23,12,1,25,20,21,16,27,7,15,18,4,3,2,10,29,9,13,28,19,26,6,11,5,30,17,14,8,22]",printer,Predictable,"[4.878109,9.154019,19.129687,22.909653,27.890699,30.695322,34.174802,41.750787]",8.0,2.0,7.0,
69ebf7ef9b1f438ecd629727,"[24,23,12,1,25,20,21,16,27,7,15,18,4,3,2,10,29,9,13,28,19,26,6,11,5,30,17,14,8,22]",mouse,Predictable,"[3.026607,6.549068,11.772223,21.658548,24.728948,29.458622]",6.0,2.0,8.0,
69ebf7ef9b1f438ecd629727,"[24,23,12,1,25,20,21,16,27,7,15,18,4,3,2,10,29,9,13,28,19,26,6,11,5,30,17,14,8,22]",tea,Predictable,"[4.875115,6.6583,11.490821,18.137298,24.37628,27.946303,30.464871]",7.0,2.0,9.0,
69ebf7ef9b1f438ecd629727,"[24,23,12,1,25,20,21,16,27,7,15,18,4,3,2,10,29,9,13,28,19,26,6,11,5,30,17,14,8,22]",bike,Predictable,"[3.802669,10.777449,16.042209,20.843351,28.448317]",5.0,2.0,10.0,
69ebf7ef9b1f438ecd629727,"[24,23,12,1,25,20,21,16,27,7,15,18,4,3,2,10,29,9,13,28,19,26,6,11,5,30,17,14,8,22]",laundry,Unpredictable,"[4.706482,10.917408,13.603923,21.252757,24.042867,25.017621,28.91812]",7.0,2.0,11.0,
69ebf7ef9b1f438ecd629727,"[24,23,12,1,25,20,21,16,27,7,15,18,4,3,2,10,29,9,13,28,19,26,6,11,5,30,17,14,8,22]",painting,Unpredictable,"[2.851092,7.12609,15.916905,19.260871,21.451441,23.206169]",6.0,2.0,12.0,
69ebf7ef9b1f438ecd629727,"[24,23,12,1,25,20,21,16,27,7,15,18,4,3,2,10,29,9,13,28,19,26,6,11,5,30,17,14,8,22]",bathroom,Predictable,"[3.18242,6.303222,8.703136,14.01323,16.592906,19.038322,22.277668,25.908959,27.919512,32.885874]",10.0,2.0,13.0,
69ebf7ef9b1f438ecd629727,"[24,23,12,1,25,20,21,16,27,7,15,18,4,3,2,10,29,9,13,28,19,26,6,11,5,30,17,14,8,22]",bank,Unpredictable,"[6.08582,7.780641,10.872498,13.422312,18.177585]",5.0,2.0,14.0,
69ebf7ef9b1f438ecd629727,"[24,23,12,1,25,20,21,16,27,7,15,18,4,3,2,10,29,9,13,28,19,26,6,11,5,30,17,14,8,22]",balcony,Unpredictable,"[1.792161,5.061767,8.165866,11.289382,14.767512,16.807379,21.186004,23.828082,26.138389]",9.0,2.0,15.0,
69ebf7ef9b1f438ecd629727,"[24,23,12,1,25,20,21,16,27,7,15,18,4,3,2,10,29,9,13,28,19,26,6,11,5,30,17,14,8,22]",cleaning,Predictable,"[2.573755,6.566468,10.915157,18.775526,20.696546,22.720011,28.586777]",7.0,2.0,16.0,
69ebf7ef9b1f438ecd629727,"[24,23,12,1,25,20,21,16,27,7,15,18,4,3,2,10,29,9,13,28,19,26,6,11,5,30,17,14,8,22]",walking,Predictable,"[2.704412,5.823684,8.434795,10.864728,13.219483,20.374627]",6.0,2.0,17.0,
69ebf7ef9b1f438ecd629727,"[24,23,12,1,25,20,21,16,27,7,15,18,4,3,2,10,29,9,13,28,19,26,6,11,5,30,17,14,8,22]",cereal,Predictable,"[1.808916,11.230932,14.276528,21.026858,23.337514,28.302125,31.558087,35.324049]",8.0,2.0,18.0,
69ebf7ef9b1f438ecd629727,"[24,23,12,1,25,20,21,16,27,7,15,18,4,3,2,10,29,9,13,28,19,26,6,11,5,30,17,14,8,22]",gym,Predictable,"[1.52568,3.492363,7.273076,11.682512,17.113115,18.537326,20.938509,23.60837]",8.0,2.0,19.0,
69ebf7ef9b1f438ecd629727,"[24,23,12,1,25,20,21,16,27,7,15,18,4,3,2,10,29,9,13,28,19,26,6,11,5,30,17,14,8,22]",tennis,Predictable,"[2.290395,4.510962,6.849816,10.136705,14.037006,19.181824,22.932571,25.542085,27.880764,29.591719]",10.0,2.0,20.0,
69ebf7ef9b1f438ecd629727,"[24,23,12,1,25,20,21,16,27,7,15,18,4,3,2,10,29,9,13,28,19,26,6,11,5,30,17,14,8,22]",party,Unpredictable,"[2.667264,6.370433,9.986765,17.668112,21.056323,22.915926,28.380368,34.227964]",8.0,2.0,21.0,
69ebf7ef9b1f438ecd629727,"[24,23,12,1,25,20,21,16,27,7,15,18,4,3,2,10,29,9,13,28,19,26,6,11,5,30,17,14,8,22]",sunbathing,Predictable,"[3.886748,7.863138,10.800233,15.436915,20.852123,30.183261,32.987665,34.891882,37.908034]",9.0,2.0,22.0,
69ebf7ef9b1f438ecd629727,"[24,23,12,1,25,20,21,16,27,7,15,18,4,3,2,10,29,9,13,28,19,26,6,11,5,30,17,14,8,22]",bedding,Predictable,"[4.869805,9.712138,17.88751,23.00374,26.692836,31.011814,34.44771]",7.0,2.0,23.0,
69ebf7ef9b1f438ecd629727,"[24,23,12,1,25,20,21,16,27,7,15,18,4,3,2,10,29,9,13,28,19,26,6,11,5,30,17,14,8,22]",fireplace,Unpredictable,"[2.494494,4.427823,6.483403,11.134348,13.265586,15.379059,17.720108,23.224013,27.183663,30.680572]",10.0,2.0,24.0,
69ebf7ef9b1f438ecd629727,"[24,23,12,1,25,20,21,16,27,7,15,18,4,3,2,10,29,9,13,28,19,26,6,11,5,30,17,14,8,22]",beach,Predictable,"[1.666702,4.50109,7.605052,10.724352,12.270353,14.113079,16.591074,18.960001,20.921117,22.560029,24.915314]",11.0,2.0,25.0,
69ebf7ef9b1f438ecd629727,"[24,23,12,1,25,20,21,16,27,7,15,18,4,3,2,10,29,9,13,28,19,26,6,11,5,30,17,14,8,22]",whiteboard,Predictable,"[4.674159,8.528505,12.63828,16.224885,20.215112,23.169021,26.831267,29.410186]",8.0,2.0,26.0,
69ebf7ef9b1f438ecd629727,"[24,23,12,1,25,20,21,16,27,7,15,18,4,3,2,10,29,9,13,28,19,26,6,11,5,30,17,14,8,22]",music,Predictable,"[2.490497,6.855491,11.926695,17.386588,21.016756,25.266403,29.672295,31.652297,34.051183,37.143104]",10.0,2.0,27.0,
69ebf7ef9b1f438ecd629727,"[24,23,12,1,25,20,21,16,27,7,15,18,4,3,2,10,29,9,13,28,19,26,6,11,5,30,17,14,8,22]",lamp,Unpredictable,"[3.272584,6.51348,10.908159,12.782592,18.169046,22.218563,26.808336]",7.0,2.0,28.0,
69ebf7ef9b1f438ecd629727,"[24,23,12,1,25,20,21,16,27,7,15,18,4,3,2,10,29,9,13,28,19,26,6,11,5,30,17,14,8,22]",car,Unpredictable,"[1.910236,5.164672,9.049916,12.741242,14.736307,21.068631,28.596757,35.708035,37.747364]",9.0,2.0,29.0,
69ebf7ef9b1f438ecd629727,"[24,23,12,1,25,20,21,16,27,7,15,18,4,3,2,10,29,9,13,28,19,26,6,11,5,30,17,14,8,22]",record,Unpredictable,"[6.111453,9.667949,11.872823,14.587903,17.858485]",5.0,2.0,30.0,
65a69840034890b79a097d95,"[10,8,21,2,24,15,7,26,20,4,29,28,1,25,30,19,11,27,5,3,23,17,6,22,12,14,9,16,13,18]",cleaning,Unpredictable,"[0.479494,3.592784,4.066891,6.700956,8.385308,10.829679,12.469525,18.90758,19.86465,20.618627,21.778941,22.41156,23.679556,28.99563]",14.0,1.0,1.0,
65a69840034890b79a097d95,"[10,8,21,2,24,15,7,26,20,4,29,28,1,25,30,19,11,27,5,3,23,17,6,22,12,14,9,16,13,18]",car,Unpredictable,"[0.932078,2.197009,3.130009,5.382139,6.92843,12.870682,16.4697,20.639417,24.553448,29.910185,32.184175,36.976233]",12.0,1.0,2.0,
65a69840034890b79a097d95,"[10,8,21,2,24,15,7,26,20,4,29,28,1,25,30,19,11,27,5,3,23,17,6,22,12,14,9,16,13,18]",printer,Predictable,"[2.745066,5.451905,7.915977,12.838985,13.373694,23.461185,23.863194,27.861227,28.822371,32.004314,38.483618,41.887587]",12.0,1.0,3.0,
65a69840034890b79a097d95,"[10,8,21,2,24,15,7,26,20,4,29,28,1,25,30,19,11,27,5,3,23,17,6,22,12,14,9,16,13,18]",balcony,Predictable,"[1.067157,1.887429,2.581559,6.39989,7.361878,8.119968,9.576362,12.06516,13.552386,17.898309,19.340213,21.947546,23.717633,27.473061]",14.0,1.0,4.0,
65a69840034890b79a097d95,"[10,8,21,2,24,15,7,26,20,4,29,28,1,25,30,19,11,27,5,3,23,17,6,22,12,14,9,16,13,18]",skateboard,Predictable,"[1.21754,4.890522,10.157532,15.310351,21.498765,21.947673]",6.0,1.0,5.0,
65a69840034890b79a097d95,"[10,8,21,2,24,15,7,26,20,4,29,28,1,25,30,19,11,27,5,3,23,17,6,22,12,14,9,16,13,18]",laundry,Unpredictable,"[1.730069,3.135159,3.913006,10.412918,15.404951,24.089853,26.497931,29.375396]",8.0,1.0,6.0,
65a69840034890b79a097d95,"[10,8,21,2,24,15,7,26,20,4,29,28,1,25,30,19,11,27,5,3,23,17,6,22,12,14,9,16,13,18]",bike,Unpredictable,"[2.960499,8.31503,12.210327,16.08084,19.424763,23.648356,24.210539]",7.0,1.0,7.0,
65a69840034890b79a097d95,"[10,8,21,2,24,15,7,26,20,4,29,28,1,25,30,19,11,27,5,3,23,17,6,22,12,14,9,16,13,18]",sunbathing,Unpredictable,"[3.646025,5.801609,8.006002,10.504849,13.145958,28.449553]",6.0,1.0,8.0,
65a69840034890b79a097d95,"[10,8,21,2,24,15,7,26,20,4,29,28,1,25,30,19,11,27,5,3,23,17,6,22,12,14,9,16,13,18]",poster,Unpredictable,"[1.062834,3.818495,5.052278,11.20512,11.804949,16.276644,22.449037,22.833757]",8.0,1.0,9.0,
65a69840034890b79a097d95,"[10,8,21,2,24,15,7,26,20,4,29,28,1,25,30,19,11,27,5,3,23,17,6,22,12,14,9,16,13,18]",bathroom,Unpredictable,"[2.001849,3.838065,4.531717,5.995152,7.32184,8.733514,10.823514,14.760896,15.981299,17.559858,18.019102,22.154219,25.362337,26.011526,27.312642,27.750477,29.187117,33.055928]",18.0,1.0,10.0,
65a69840034890b79a097d95,"[10,8,21,2,24,15,7,26,20,4,29,28,1,25,30,19,11,27,5,3,23,17,6,22,12,14,9,16,13,18]",walking,Predictable,"[0.695403,2.869572,3.612086,10.474574,13.288712,15.110652,15.670535,19.927235]",8.0,1.0,11.0,
65a69840034890b79a097d95,"[10,8,21,2,24,15,7,26,20,4,29,28,1,25,30,19,11,27,5,3,23,17,6,22,12,14,9,16,13,18]",tennis,Predictable,"[1.836882,5.823118,6.462756,10.568534,11.52269,15.722589,19.868498,22.902417,25.721604,28.09649]",10.0,1.0,12.0,
65a69840034890b79a097d95,"[10,8,21,2,24,15,7,26,20,4,29,28,1,25,30,19,11,27,5,3,23,17,6,22,12,14,9,16,13,18]",baking,Predictable,"[1.701829,3.425702,4.682042,17.754352,20.791249,22.050129,22.789846,23.394476,25.196468,27.5428]",10.0,1.0,13.0,
65a69840034890b79a097d95,"[10,8,21,2,24,15,7,26,20,4,29,28,1,25,30,19,11,27,5,3,23,17,6,22,12,14,9,16,13,18]",suitcase,Unpredictable,"[0.522473,11.645696,12.054594,13.591295,15.711551,17.288826,18.158932,18.583063,20.188333,23.627079]",10.0,1.0,14.0,
65a69840034890b79a097d95,"[10,8,21,2,24,15,7,26,20,4,29,28,1,25,30,19,11,27,5,3,23,17,6,22,12,14,9,16,13,18]",whiteboard,Predictable,"[0.74794,10.676398,12.286809,14.608084,17.00857,18.114796,20.160557,20.861824,22.949983,24.578802,27.039645,28.2126,29.374055,30.728017]",14.0,1.0,15.0,
65a69840034890b79a097d95,"[10,8,21,2,24,15,7,26,20,4,29,28,1,25,30,19,11,27,5,3,23,17,6,22,12,14,9,16,13,18]",party,Predictable,"[1.124849,2.758304,5.264167,10.302961,12.483795,17.834767,22.287541,23.946529,26.842501,28.322543,34.034301]",11.0,1.0,16.0,
65a69840034890b79a097d95,"[10,8,21,2,24,15,7,26,20,4,29,28,1,25,30,19,11,27,5,3,23,17,6,22,12,14,9,16,13,18]",fireplace,Predictable,"[1.420096,4.078432,6.03953,6.841727,8.417757,13.443505,14.562427,15.359228,16.18249,17.380987,20.073207,25.263924,30.447694]",13.0,1.0,17.0,
65a69840034890b79a097d95,"[10,8,21,2,24,15,7,26,20,4,29,28,1,25,30,19,11,27,5,3,23,17,6,22,12,14,9,16,13,18]",tea,Predictable,"[1.068007,8.182228,8.852535,11.348262,18.909748,19.308671,22.166774,24.5536,25.874812,27.721994,28.79058,30.180907]",12.0,1.0,18.0,
65a69840034890b79a097d95,"[10,8,21,2,24,15,7,26,20,4,29,28,1,25,30,19,11,27,5,3,23,17,6,22,12,14,9,16,13,18]",beach,Unpredictable,"[1.873679,3.996334,4.427,5.396337,8.005212,11.896133,12.797638,14.156374,14.985452,16.532203,17.201374,18.904383,21.433389,22.223339,24.043321,25.609241]",16.0,1.0,19.0,
65a69840034890b79a097d95,"[10,8,21,2,24,15,7,26,20,4,29,28,1,25,30,19,11,27,5,3,23,17,6,22,12,14,9,16,13,18]",bank,Unpredictable,"[1.040539,4.562832,5.822854,7.944826,8.601316,9.119443,11.176484,12.842365,17.289199,18.632883]",10.0,1.0,20.0,
65a69840034890b79a097d95,"[10,8,21,2,24,15,7,26,20,4,29,28,1,25,30,19,11,27,5,3,23,17,6,22,12,14,9,16,13,18]",shopping,Predictable,"[0.806865,1.483277,2.169839,2.633165,3.3218,3.926929,5.25098,6.889593,7.796004,9.334636]",10.0,1.0,21.0,
65a69840034890b79a097d95,"[10,8,21,2,24,15,7,26,20,4,29,28,1,25,30,19,11,27,5,3,23,17,6,22,12,14,9,16,13,18]",music,Unpredictable,"[1.76092,2.234916,3.231293,11.200143,13.462733,17.063265,22.036004,24.597532,26.787463,31.362589]",10.0,1.0,22.0,
65a69840034890b79a097d95,"[10,8,21,2,24,15,7,26,20,4,29,28,1,25,30,19,11,27,5,3,23,17,6,22,12,14,9,16,13,18]",bedding,Predictable,"[1.495243,6.15969,6.998616,10.124037,11.014922,20.091752,26.845227,28.114422,29.171598,31.198359,32.750817,33.739322]",12.0,1.0,23.0,
65a69840034890b79a097d95,"[10,8,21,2,24,15,7,26,20,4,29,28,1,25,30,19,11,27,5,3,23,17,6,22,12,14,9,16,13,18]",record,Predictable,"[5.027307,8.677446,9.112624,10.152268,13.015625,17.201024]",6.0,1.0,24.0,
65a69840034890b79a097d95,"[10,8,21,2,24,15,7,26,20,4,29,28,1,25,30,19,11,27,5,3,23,17,6,22,12,14,9,16,13,18]",football,Predictable,"[3.240411,5.114369,10.206428,14.066258,14.857386,15.565921,16.274133,17.608918,18.62886,19.658895,21.560836,22.770539,23.992085,31.581536,32.683597,34.746841]",16.0,1.0,25.0,
65a69840034890b79a097d95,"[10,8,21,2,24,15,7,26,20,4,29,28,1,25,30,19,11,27,5,3,23,17,6,22,12,14,9,16,13,18]",lamp,Unpredictable,"[0.706011,6.353509,8.035384,10.369804,11.81687,13.109882,14.618546,19.650336,25.324788,26.971364]",10.0,1.0,26.0,
65a69840034890b79a097d95,"[10,8,21,2,24,15,7,26,20,4,29,28,1,25,30,19,11,27,5,3,23,17,6,22,12,14,9,16,13,18]",cereal,Unpredictable,"[0.756004,1.751323,5.241769,10.362892,16.685363,21.723106,25.349888,28.481564,29.28375,30.781029,34.430237,34.885122,36.112962]",13.0,1.0,27.0,
65a69840034890b79a097d95,"[10,8,21,2,24,15,7,26,20,4,29,28,1,25,30,19,11,27,5,3,23,17,6,22,12,14,9,16,13,18]",mouse,Unpredictable,"[2.258012,3.862054,4.37014,7.372036,11.581934,15.012707,16.276769,26.302136,26.631246,28.565273]",10.0,1.0,28.0,
65a69840034890b79a097d95,"[10,8,21,2,24,15,7,26,20,4,29,28,1,25,30,19,11,27,5,3,23,17,6,22,12,14,9,16,13,18]",gym,Unpredictable,"[1.547942,2.928135,6.159497,7.480508,8.654513,11.726197,16.000626,24.141905,26.423332]",9.0,1.0,29.0,
65a69840034890b79a097d95,"[10,8,21,2,24,15,7,26,20,4,29,28,1,25,30,19,11,27,5,3,23,17,6,22,12,14,9,16,13,18]",painting,Predictable,"[1.729443,4.932775,8.73496,13.637955,14.357232,15.929568,16.325596,20.378494,22.466528]",9.0,1.0,30.0,
65a69840034890b79a097d95,"[10,8,21,2,24,15,7,26,20,4,29,28,1,25,30,19,11,27,5,3,23,17,6,22,12,14,9,16,13,18]",cleaning,Predictable,"[1.032036,2.582561,3.019675,7.244529,7.856988,11.444502,12.092609,18.636105,19.569557,20.579776,21.791846,22.273712,23.423746,26.120191]",14.0,2.0,1.0,
65a69840034890b79a097d95,"[10,8,21,2,24,15,7,26,20,4,29,28,1,25,30,19,11,27,5,3,23,17,6,22,12,14,9,16,13,18]",car,Predictable,"[2.754663,5.810693,7.019551,12.863642,16.744353,20.77742,24.36988,29.992167,31.884182,36.182629]",10.0,2.0,2.0,
65a69840034890b79a097d95,"[10,8,21,2,24,15,7,26,20,4,29,28,1,25,30,19,11,27,5,3,23,17,6,22,12,14,9,16,13,18]",printer,Unpredictable,"[7.946867,11.955668,15.507845,22.814389,23.635312,25.217397,28.133251,32.096249,37.649854,42.900318]",10.0,2.0,3.0,
65a69840034890b79a097d95,"[10,8,21,2,24,15,7,26,20,4,29,28,1,25,30,19,11,27,5,3,23,17,6,22,12,14,9,16,13,18]",balcony,Unpredictable,"[1.088072,1.719999,2.207114,6.745724,7.347903,7.937465,9.392948,11.620244,11.901533,17.357055,19.365473,21.269085,22.884394,25.930951]",14.0,2.0,4.0,
65a69840034890b79a097d95,"[10,8,21,2,24,15,7,26,20,4,29,28,1,25,30,19,11,27,5,3,23,17,6,22,12,14,9,16,13,18]",skateboard,Unpredictable,"[1.182143,4.080508,5.039851,8.80224,9.488789,14.858098]",6.0,2.0,5.0,
65a69840034890b79a097d95,"[10,8,21,2,24,15,7,26,20,4,29,28,1,25,30,19,11,27,5,3,23,17,6,22,12,14,9,16,13,18]",laundry,Predictable,"[1.104016,2.327865,3.812096,12.497683,15.054101,25.079483,26.229499,29.139769]",8.0,2.0,6.0,
65a69840034890b79a097d95,"[10,8,21,2,24,15,7,26,20,4,29,28,1,25,30,19,11,27,5,3,23,17,6,22,12,14,9,16,13,18]",bike,Predictable,"[2.329784,6.428701,8.681866,11.020576,12.036452,15.788714,17.6139,21.523976,22.976014,28.744298]",10.0,2.0,7.0,
65a69840034890b79a097d95,"[10,8,21,2,24,15,7,26,20,4,29,28,1,25,30,19,11,27,5,3,23,17,6,22,12,14,9,16,13,18]",sunbathing,Predictable,"[6.722578,10.501501,12.937264,20.23899,22.850535,29.782638,31.380194,34.708899]",8.0,2.0,8.0,
65a69840034890b79a097d95,"[10,8,21,2,24,15,7,26,20,4,29,28,1,25,30,19,11,27,5,3,23,17,6,22,12,14,9,16,13,18]",poster,Predictable,"[0.120542,1.029553,6.636896,10.516328,15.544185,16.8736,21.708285]",7.0,2.0,9.0,
65a69840034890b79a097d95,"[10,8,21,2,24,15,7,26,20,4,29,28,1,25,30,19,11,27,5,3,23,17,6,22,12,14,9,16,13,18]",bathroom,Predictable,"[1.354532,3.86979,4.223738,5.834201,7.025979,8.697325,10.625647,14.750554,15.95424,23.636998,24.958219,25.596561,26.308499,27.566042]",14.0,2.0,10.0,
65a69840034890b79a097d95,"[10,8,21,2,24,15,7,26,20,4,29,28,1,25,30,19,11,27,5,3,23,17,6,22,12,14,9,16,13,18]",walking,Unpredictable,"[2.391424,10.468075,13.326238,16.671229,17.440034,20.552963]",6.0,2.0,11.0,
65a69840034890b79a097d95,"[10,8,21,2,24,15,7,26,20,4,29,28,1,25,30,19,11,27,5,3,23,17,6,22,12,14,9,16,13,18]",tennis,Unpredictable,"[0.675455,4.330402,6.640698,10.003839,12.459433,18.389474,26.032863,27.93498,28.706334,29.662032]",10.0,2.0,12.0,
65a69840034890b79a097d95,"[10,8,21,2,24,15,7,26,20,4,29,28,1,25,30,19,11,27,5,3,23,17,6,22,12,14,9,16,13,18]",baking,Unpredictable,"[1.020215,2.976427,4.263183,6.239931,8.45996,16.149417,20.34066,23.218427,24.366958,28.031831]",10.0,2.0,13.0,
65a69840034890b79a097d95,"[10,8,21,2,24,15,7,26,20,4,29,28,1,25,30,19,11,27,5,3,23,17,6,22,12,14,9,16,13,18]",suitcase,Predictable,"[0.982942,2.250779,3.490564,4.761903,6.028102,8.897249,10.233251,13.169362,15.031513,17.008254,21.842973,22.696069]",12.0,2.0,14.0,
65a69840034890b79a097d95,"[10,8,21,2,24,15,7,26,20,4,29,28,1,25,30,19,11,27,5,3,23,17,6,22,12,14,9,16,13,18]",whiteboard,Unpredictable,"[1.14556,5.038544,5.550571,8.720124,9.279018,12.848774,13.849862,17.233907,18.271351,20.35896,21.506476,23.518891,26.618163,28.525926,29.081857]",15.0,2.0,15.0,
65a69840034890b79a097d95,"[10,8,21,2,24,15,7,26,20,4,29,28,1,25,30,19,11,27,5,3,23,17,6,22,12,14,9,16,13,18]",party,Unpredictable,"[0.95281,2.396769,3.740973,9.789283,11.047963,18.36714,21.993293,22.847031,32.123394]",9.0,2.0,16.0,
65a69840034890b79a097d95,"[10,8,21,2,24,15,7,26,20,4,29,28,1,25,30,19,11,27,5,3,23,17,6,22,12,14,9,16,13,18]",fireplace,Unpredictable,"[1.239772,6.417954,8.389115,13.899943,14.665568,18.770952,20.081034,24.130491,28.264741]",9.0,2.0,17.0,
65a69840034890b79a097d95,"[10,8,21,2,24,15,7,26,20,4,29,28,1,25,30,19,11,27,5,3,23,17,6,22,12,14,9,16,13,18]",tea,Unpredictable,"[1.118471,8.172974,8.732532,11.342405,15.197059,19.115302,22.347006,25.041765,25.455886,27.169693,28.325343,29.44145]",12.0,2.0,18.0,
65a69840034890b79a097d95,"[10,8,21,2,24,15,7,26,20,4,29,28,1,25,30,19,11,27,5,3,23,17,6,22,12,14,9,16,13,18]",beach,Predictable,"[1.226421,3.572719,4.091554,5.4417,12.674485,14.204582,14.954851,16.519523,17.09553,18.893615]",10.0,2.0,19.0,
65a69840034890b79a097d95,"[10,8,21,2,24,15,7,26,20,4,29,28,1,25,30,19,11,27,5,3,23,17,6,22,12,14,9,16,13,18]",bank,Predictable,"[0.864474,5.098549,6.065116,7.440091,8.460692,9.05521,10.181688,12.338384,17.503069,19.093274]",10.0,2.0,20.0,
65a69840034890b79a097d95,"[10,8,21,2,24,15,7,26,20,4,29,28,1,25,30,19,11,27,5,3,23,17,6,22,12,14,9,16,13,18]",shopping,Unpredictable,"[0.833773,1.45206,2.208214,2.698287,3.318639,3.945663,5.492652,7.233428,7.791001,9.064129]",10.0,2.0,21.0,
65a69840034890b79a097d95,"[10,8,21,2,24,15,7,26,20,4,29,28,1,25,30,19,11,27,5,3,23,17,6,22,12,14,9,16,13,18]",music,Predictable,"[3.07491,10.142923,15.20933,17.321425,21.642269,25.091361,26.773187,31.684877]",8.0,2.0,22.0,
65a69840034890b79a097d95,"[10,8,21,2,24,15,7,26,20,4,29,28,1,25,30,19,11,27,5,3,23,17,6,22,12,14,9,16,13,18]",bedding,Unpredictable,"[2.813225,4.936234,7.021121,9.335936,10.61121,18.161047,26.219455,26.869944,29.873539,30.565502]",10.0,2.0,23.0,
65a69840034890b79a097d95,"[10,8,21,2,24,15,7,26,20,4,29,28,1,25,30,19,11,27,5,3,23,17,6,22,12,14,9,16,13,18]",record,Unpredictable,"[0.693593,3.53272,4.612712,7.235276,7.726401,10.031126,15.072801,18.221125]",8.0,2.0,24.0,
65a69840034890b79a097d95,"[10,8,21,2,24,15,7,26,20,4,29,28,1,25,30,19,11,27,5,3,23,17,6,22,12,14,9,16,13,18]",football,Unpredictable,"[1.059573,3.119423,3.432026,6.006065,13.015089,15.300306,16.197308,16.735069,20.300466,24.601565,30.211938]",11.0,2.0,25.0,
65a69840034890b79a097d95,"[10,8,21,2,24,15,7,26,20,4,29,28,1,25,30,19,11,27,5,3,23,17,6,22,12,14,9,16,13,18]",lamp,Predictable,"[1.042824,4.28566,8.086732,10.366131,17.170081,21.075631,24.186973,27.228795,28.606929]",9.0,2.0,26.0,
65a69840034890b79a097d95,"[10,8,21,2,24,15,7,26,20,4,29,28,1,25,30,19,11,27,5,3,23,17,6,22,12,14,9,16,13,18]",cereal,Predictable,"[0.696149,1.381635,3.955434,12.315502,18.144452,21.00204,24.335696,28.056629,28.803733,30.656129,34.484972,34.846134,36.521833]",13.0,2.0,27.0,
65a69840034890b79a097d95,"[10,8,21,2,24,15,7,26,20,4,29,28,1,25,30,19,11,27,5,3,23,17,6,22,12,14,9,16,13,18]",mouse,Predictable,"[2.201494,2.761014,3.509904,6.405478,6.835373,8.764627,12.014871,24.763232,26.365135,28.45173]",10.0,2.0,28.0,
65a69840034890b79a097d95,"[10,8,21,2,24,15,7,26,20,4,29,28,1,25,30,19,11,27,5,3,23,17,6,22,12,14,9,16,13,18]",gym,Predictable,"[1.929264,2.923707,4.650873,7.287605,8.569421,11.939108,15.641929,21.088233,22.45719,23.931737,24.60029,28.684788]",12.0,2.0,29.0,
65a69840034890b79a097d95,"[10,8,21,2,24,15,7,26,20,4,29,28,1,25,30,19,11,27,5,3,23,17,6,22,12,14,9,16,13,18]",painting,Unpredictable,"[2.375565,4.969265,7.659487,12.454029,13.190665,15.815733,16.420406,18.561264]",8.0,2.0,30.0,
6a020761171e2014c686e110,"[5,7,15,11,21,6,1,9,22,10,29,25,12,3,2,19,20,16,14,8,30,17,26,23,24,4,28,27,18,13]",beach,Unpredictable,"[1.551939,4.148208,7.902137,11.070132,14.929595,20.153301,25.073648]",7.0,1.0,1.0,
6a020761171e2014c686e110,"[5,7,15,11,21,6,1,9,22,10,29,25,12,3,2,19,20,16,14,8,30,17,26,23,24,4,28,27,18,13]",bike,Unpredictable,"[3.452859,10.271824,16.166206,20.670085,24.788036]",5.0,1.0,2.0,
6a020761171e2014c686e110,"[5,7,15,11,21,6,1,9,22,10,29,25,12,3,2,19,20,16,14,8,30,17,26,23,24,4,28,27,18,13]",laundry,Predictable,"[3.870315,8.422394,12.341839,15.785358,19.015641,25.030146,26.549739]",7.0,1.0,3.0,
6a020761171e2014c686e110,"[5,7,15,11,21,6,1,9,22,10,29,25,12,3,2,19,20,16,14,8,30,17,26,23,24,4,28,27,18,13]",fireplace,Predictable,"[2.418621,4.109719,6.133804,10.383192,15.105332,21.87629,27.468276,30.876251]",8.0,1.0,4.0,
6a020761171e2014c686e110,"[5,7,15,11,21,6,1,9,22,10,29,25,12,3,2,19,20,16,14,8,30,17,26,23,24,4,28,27,18,13]",printer,Predictable,"[7.851805,13.295617,21.026012,23.032945,23.900981,28.262963,32.23809,35.224051,39.261139,42.280403]",10.0,1.0,5.0,
6a020761171e2014c686e110,"[5,7,15,11,21,6,1,9,22,10,29,25,12,3,2,19,20,16,14,8,30,17,26,23,24,4,28,27,18,13]",bedding,Predictable,"[4.030072,9.407509,18.107479,20.209755,26.623581,30.494868,33.665752]",7.0,1.0,6.0,
6a020761171e2014c686e110,"[5,7,15,11,21,6,1,9,22,10,29,25,12,3,2,19,20,16,14,8,30,17,26,23,24,4,28,27,18,13]",baking,Unpredictable,"[3.120109,9.864017,12.471511,14.585361,17.537162,21.520255,23.020977,25.51959]",8.0,1.0,7.0,
6a020761171e2014c686e110,"[5,7,15,11,21,6,1,9,22,10,29,25,12,3,2,19,20,16,14,8,30,17,26,23,24,4,28,27,18,13]",cereal,Unpredictable,"[2.573539,6.324836,12.224712,17.539363,26.778017,29.928401,32.041106,34.955197]",8.0,1.0,8.0,
6a020761171e2014c686e110,"[5,7,15,11,21,6,1,9,22,10,29,25,12,3,2,19,20,16,14,8,30,17,26,23,24,4,28,27,18,13]",record,Unpredictable,"[6.104474,8.799712,10.564537,16.847675]",4.0,1.0,9.0,
6a020761171e2014c686e110,"[5,7,15,11,21,6,1,9,22,10,29,25,12,3,2,19,20,16,14,8,30,17,26,23,24,4,28,27,18,13]",cleaning,Predictable,"[1.734825,5.401952,8.974955,14.571217,17.785447,20.482238,22.261238,25.439402]",8.0,1.0,10.0,
6a020761171e2014c686e110,"[5,7,15,11,21,6,1,9,22,10,29,25,12,3,2,19,20,16,14,8,30,17,26,23,24,4,28,27,18,13]",walking,Unpredictable,"[2.702481,4.869511,12.722981,18.575966,20.889094]",5.0,1.0,11.0,
6a020761171e2014c686e110,"[5,7,15,11,21,6,1,9,22,10,29,25,12,3,2,19,20,16,14,8,30,17,26,23,24,4,28,27,18,13]",suitcase,Unpredictable,"[2.914031,4.92318,8.911311,12.078515,13.509372,16.835377,21.906532,24.250868]",8.0,1.0,12.0,
6a020761171e2014c686e110,"[5,7,15,11,21,6,1,9,22,10,29,25,12,3,2,19,20,16,14,8,30,17,26,23,24,4,28,27,18,13]",football,Unpredictable,"[2.425669,4.89111,12.245863,15.334055,18.874039,22.710048,26.851454,33.116889,34.659252]",9.0,1.0,13.0,
6a020761171e2014c686e110,"[5,7,15,11,21,6,1,9,22,10,29,25,12,3,2,19,20,16,14,8,30,17,26,23,24,4,28,27,18,13]",bank,Predictable,"[5.50045,6.941536,8.620506,11.167034,13.22881,17.662885]",6.0,1.0,14.0,
6a020761171e2014c686e110,"[5,7,15,11,21,6,1,9,22,10,29,25,12,3,2,19,20,16,14,8,30,17,26,23,24,4,28,27,18,13]",balcony,Predictable,"[1.325804,2.913889,4.721897,7.804973,10.59344,14.500075,16.467146,20.439256,24.790369]",9.0,1.0,15.0,
6a020761171e2014c686e110,"[5,7,15,11,21,6,1,9,22,10,29,25,12,3,2,19,20,16,14,8,30,17,26,23,24,4,28,27,18,13]",party,Predictable,"[2.144562,4.957576,9.319883,16.710776,17.721813,22.310114,25.802335,27.419016,33.9875]",9.0,1.0,16.0,
6a020761171e2014c686e110,"[5,7,15,11,21,6,1,9,22,10,29,25,12,3,2,19,20,16,14,8,30,17,26,23,24,4,28,27,18,13]",poster,Predictable,"[1.627103,3.061038,4.907204,8.367155,12.312497,15.831303,21.781386,22.4259]",8.0,1.0,17.0,
6a020761171e2014c686e110,"[5,7,15,11,21,6,1,9,22,10,29,25,12,3,2,19,20,16,14,8,30,17,26,23,24,4,28,27,18,13]",mouse,Predictable,"[2.389539,5.399623,7.899957,12.416837,17.355904,22.235361,26.862093,29.356258]",8.0,1.0,18.0,
6a020761171e2014c686e110,"[5,7,15,11,21,6,1,9,22,10,29,25,12,3,2,19,20,16,14,8,30,17,26,23,24,4,28,27,18,13]",lamp,Unpredictable,"[1.016176,5.665313,8.457699,10.73074,12.429392,17.314543,20.501594,23.744871,25.753677,29.464742]",10.0,1.0,19.0,
6a020761171e2014c686e110,"[5,7,15,11,21,6,1,9,22,10,29,25,12,3,2,19,20,16,14,8,30,17,26,23,24,4,28,27,18,13]",car,Predictable,"[2.523139,4.442102,8.141055,10.505002,14.326461,16.975164,21.007322,24.182284,25.758379,28.136411,29.993487,34.383419,37.018835]",13.0,1.0,20.0,
6a020761171e2014c686e110,"[5,7,15,11,21,6,1,9,22,10,29,25,12,3,2,19,20,16,14,8,30,17,26,23,24,4,28,27,18,13]",whiteboard,Unpredictable,"[3.668736,8.719983,14.87902,20.784454,28.280341,32.977533]",6.0,1.0,21.0,
6a020761171e2014c686e110,"[5,7,15,11,21,6,1,9,22,10,29,25,12,3,2,19,20,16,14,8,30,17,26,23,24,4,28,27,18,13]",music,Unpredictable,"[1.985496,5.050123,12.274999,13.913825,16.933048,20.649892,23.984949,25.442933,27.850543,31.250216,36.8683]",11.0,1.0,22.0,
6a020761171e2014c686e110,"[5,7,15,11,21,6,1,9,22,10,29,25,12,3,2,19,20,16,14,8,30,17,26,23,24,4,28,27,18,13]",sunbathing,Predictable,"[4.038146,7.43631,9.122317,10.436896,15.080392,17.81153,21.913801,24.237559,28.879661,32.355038,37.172843]",11.0,1.0,23.0,
6a020761171e2014c686e110,"[5,7,15,11,21,6,1,9,22,10,29,25,12,3,2,19,20,16,14,8,30,17,26,23,24,4,28,27,18,13]",shopping,Unpredictable,"[1.796569,2.626559,3.958547,7.044657]",4.0,1.0,24.0,
6a020761171e2014c686e110,"[5,7,15,11,21,6,1,9,22,10,29,25,12,3,2,19,20,16,14,8,30,17,26,23,24,4,28,27,18,13]",skateboard,Predictable,"[5.727952,11.509317,12.955096,19.171262,21.815503,23.368318]",6.0,1.0,25.0,
6a020761171e2014c686e110,"[5,7,15,11,21,6,1,9,22,10,29,25,12,3,2,19,20,16,14,8,30,17,26,23,24,4,28,27,18,13]",bathroom,Predictable,"[3.288358,4.864455,7.659757,11.047608,12.506666,13.29782,15.11068,16.631726,18.768132,20.422816,23.811853,25.014009,26.957015,30.295366]",14.0,1.0,26.0,
6a020761171e2014c686e110,"[5,7,15,11,21,6,1,9,22,10,29,25,12,3,2,19,20,16,14,8,30,17,26,23,24,4,28,27,18,13]",tennis,Predictable,"[3.674532,4.331915,5.963415,11.030493,14.564584,19.623604,22.779658,25.761993,29.259824]",9.0,1.0,27.0,
6a020761171e2014c686e110,"[5,7,15,11,21,6,1,9,22,10,29,25,12,3,2,19,20,16,14,8,30,17,26,23,24,4,28,27,18,13]",tea,Predictable,"[1.8132,6.26805,9.059132,15.168635,19.67658,25.079478,26.713722,29.382455]",8.0,1.0,28.0,
6a020761171e2014c686e110,"[5,7,15,11,21,6,1,9,22,10,29,25,12,3,2,19,20,16,14,8,30,17,26,23,24,4,28,27,18,13]",painting,Unpredictable,"[2.243696,4.302009,12.25483,13.354822,21.053406]",5.0,1.0,29.0,
6a020761171e2014c686e110,"[5,7,15,11,21,6,1,9,22,10,29,25,12,3,2,19,20,16,14,8,30,17,26,23,24,4,28,27,18,13]",gym,Unpredictable,"[2.285102,6.38162,9.871437,16.946855,20.955779,23.812717,26.199861]",7.0,1.0,30.0,
6a020761171e2014c686e110,"[5,7,15,11,21,6,1,9,22,10,29,25,12,3,2,19,20,16,14,8,30,17,26,23,24,4,28,27,18,13]",beach,Predictable,"[0.67195,1.51942,3.876499,4.722459,7.682754,8.942604,12.099699,13.570975,14.814761,16.712741,18.235757,20.689847,21.98978,22.441073]",14.0,2.0,1.0,
6a020761171e2014c686e110,"[5,7,15,11,21,6,1,9,22,10,29,25,12,3,2,19,20,16,14,8,30,17,26,23,24,4,28,27,18,13]",bike,Predictable,"[1.863053,6.04946,8.240183,12.465351,14.273479,16.577587,17.655372,21.849447,24.001467,29.015703]",10.0,2.0,2.0,
6a020761171e2014c686e110,"[5,7,15,11,21,6,1,9,22,10,29,25,12,3,2,19,20,16,14,8,30,17,26,23,24,4,28,27,18,13]",laundry,Unpredictable,"[1.107629,5.269813,7.57,12.614212,14.321935,21.274127,25.883592,29.552396]",8.0,2.0,3.0,
6a020761171e2014c686e110,"[5,7,15,11,21,6,1,9,22,10,29,25,12,3,2,19,20,16,14,8,30,17,26,23,24,4,28,27,18,13]",fireplace,Unpredictable,"[1.978418,14.168896,21.03689,25.263223,28.241961]",5.0,2.0,4.0,
6a020761171e2014c686e110,"[5,7,15,11,21,6,1,9,22,10,29,25,12,3,2,19,20,16,14,8,30,17,26,23,24,4,28,27,18,13]",printer,Unpredictable,"[7.757481,12.143343,15.542426,22.867581,27.768588,32.289374,34.01397,41.083859]",8.0,2.0,5.0,
6a020761171e2014c686e110,"[5,7,15,11,21,6,1,9,22,10,29,25,12,3,2,19,20,16,14,8,30,17,26,23,24,4,28,27,18,13]",bedding,Unpredictable,"[3.672923,6.775939,8.467822,20.400319,24.313087,28.166361,29.531396,31.11149]",8.0,2.0,6.0,
6a020761171e2014c686e110,"[5,7,15,11,21,6,1,9,22,10,29,25,12,3,2,19,20,16,14,8,30,17,26,23,24,4,28,27,18,13]",baking,Predictable,"[2.012851,7.711041,9.817444,17.617382,21.017658,23.622425]",6.0,2.0,7.0,
6a020761171e2014c686e110,"[5,7,15,11,21,6,1,9,22,10,29,25,12,3,2,19,20,16,14,8,30,17,26,23,24,4,28,27,18,13]",cereal,Predictable,"[1.212141,4.412298,6.430492,12.458752,17.225582,21.625701,25.219178,32.114968]",8.0,2.0,8.0,
6a020761171e2014c686e110,"[5,7,15,11,21,6,1,9,22,10,29,25,12,3,2,19,20,16,14,8,30,17,26,23,24,4,28,27,18,13]",record,Predictable,"[5.132547,11.79993,16.716745]",3.0,2.0,9.0,
6a020761171e2014c686e110,"[5,7,15,11,21,6,1,9,22,10,29,25,12,3,2,19,20,16,14,8,30,17,26,23,24,4,28,27,18,13]",cleaning,Unpredictable,"[1.51691,7.306944,8.221972,13.725292,15.240113,18.742177,24.492544,29.710432]",8.0,2.0,10.0,
6a020761171e2014c686e110,"[5,7,15,11,21,6,1,9,22,10,29,25,12,3,2,19,20,16,14,8,30,17,26,23,24,4,28,27,18,13]",walking,Predictable,"[3.20616,11.98266,13.91933,21.22553]",4.0,2.0,11.0,
6a020761171e2014c686e110,"[5,7,15,11,21,6,1,9,22,10,29,25,12,3,2,19,20,16,14,8,30,17,26,23,24,4,28,27,18,13]",suitcase,Predictable,"[1.233499,16.441783,20.175632,26.937205]",4.0,2.0,12.0,
6a020761171e2014c686e110,"[5,7,15,11,21,6,1,9,22,10,29,25,12,3,2,19,20,16,14,8,30,17,26,23,24,4,28,27,18,13]",football,Predictable,"[4.460762,10.480147,13.897884,21.229256,23.817036,32.24749,33.52716]",7.0,2.0,13.0,
6a020761171e2014c686e110,"[5,7,15,11,21,6,1,9,22,10,29,25,12,3,2,19,20,16,14,8,30,17,26,23,24,4,28,27,18,13]",bank,Unpredictable,"[6.403503,12.620396,16.818721,18.69344]",4.0,2.0,14.0,
6a020761171e2014c686e110,"[5,7,15,11,21,6,1,9,22,10,29,25,12,3,2,19,20,16,14,8,30,17,26,23,24,4,28,27,18,13]",balcony,Unpredictable,"[2.500437,7.996832,10.008862,18.452999,19.784702,22.956781,25.071811,27.040121]",8.0,2.0,15.0,
6a020761171e2014c686e110,"[5,7,15,11,21,6,1,9,22,10,29,25,12,3,2,19,20,16,14,8,30,17,26,23,24,4,28,27,18,13]",party,Unpredictable,"[1.155873,9.405255,12.641061,17.919168,21.04238,23.673225,25.743156,28.401231,30.441243]",9.0,2.0,16.0,
6a020761171e2014c686e110,"[5,7,15,11,21,6,1,9,22,10,29,25,12,3,2,19,20,16,14,8,30,17,26,23,24,4,28,27,18,13]",poster,Unpredictable,"[2.78332,6.76637,8.198054,11.749777,14.071478,17.285612,19.745604,22.969851]",8.0,2.0,17.0,
6a020761171e2014c686e110,"[5,7,15,11,21,6,1,9,22,10,29,25,12,3,2,19,20,16,14,8,30,17,26,23,24,4,28,27,18,13]",mouse,Unpredictable,"[7.025819,10.755743,14.552774,19.319172,21.426883,26.391933,28.051498]",7.0,2.0,18.0,
6a020761171e2014c686e110,"[5,7,15,11,21,6,1,9,22,10,29,25,12,3,2,19,20,16,14,8,30,17,26,23,24,4,28,27,18,13]",lamp,Predictable,"[8.419209,11.352489,13.961211,22.549443,24.359399,28.024463]",6.0,2.0,19.0,
6a020761171e2014c686e110,"[5,7,15,11,21,6,1,9,22,10,29,25,12,3,2,19,20,16,14,8,30,17,26,23,24,4,28,27,18,13]",car,Unpredictable,"[5.04791,12.681565,16.881887,21.191707,24.258739,30.135913,32.206787,36.368842]",8.0,2.0,20.0,
6a020761171e2014c686e110,"[5,7,15,11,21,6,1,9,22,10,29,25,12,3,2,19,20,16,14,8,30,17,26,23,24,4,28,27,18,13]",whiteboard,Predictable,"[5.336594,9.09582,10.257625,12.116916,13.946819,17.408822,21.105094,29.482959,30.746926]",9.0,2.0,21.0,
6a020761171e2014c686e110,"[5,7,15,11,21,6,1,9,22,10,29,25,12,3,2,19,20,16,14,8,30,17,26,23,24,4,28,27,18,13]",music,Predictable,"[3.534134,12.637519,14.734311,20.92248,23.153671,25.916582,28.35351,34.202367]",8.0,2.0,22.0,
6a020761171e2014c686e110,"[5,7,15,11,21,6,1,9,22,10,29,25,12,3,2,19,20,16,14,8,30,17,26,23,24,4,28,27,18,13]",sunbathing,Unpredictable,"[6.926912,11.014596,13.300844,20.281123,22.612902,30.879283,32.026058,35.989846]",8.0,2.0,23.0,
6a020761171e2014c686e110,"[5,7,15,11,21,6,1,9,22,10,29,25,12,3,2,19,20,16,14,8,30,17,26,23,24,4,28,27,18,13]",shopping,Predictable,"[0.996098,2.318244,3.738513,7.017313]",4.0,2.0,24.0,
6a020761171e2014c686e110,"[5,7,15,11,21,6,1,9,22,10,29,25,12,3,2,19,20,16,14,8,30,17,26,23,24,4,28,27,18,13]",skateboard,Unpredictable,"[3.51238,9.22942,10.695665,15.384479,18.94853,23.607708]",6.0,2.0,25.0,
6a020761171e2014c686e110,"[5,7,15,11,21,6,1,9,22,10,29,25,12,3,2,19,20,16,14,8,30,17,26,23,24,4,28,27,18,13]",bathroom,Unpredictable,"[4.030178,8.184006,13.165746,15.554839,16.916854,23.515146,24.799918,27.714928,30.716028,34.420665]",10.0,2.0,26.0,
6a020761171e2014c686e110,"[5,7,15,11,21,6,1,9,22,10,29,25,12,3,2,19,20,16,14,8,30,17,26,23,24,4,28,27,18,13]",tennis,Unpredictable,"[5.272499,11.114849,12.337504,22.199067,25.727788,28.761566]",6.0,2.0,27.0,
6a020761171e2014c686e110,"[5,7,15,11,21,6,1,9,22,10,29,25,12,3,2,19,20,16,14,8,30,17,26,23,24,4,28,27,18,13]",tea,Unpredictable,"[2.559206,7.866809,9.072926,20.027313,29.218298]",5.0,2.0,28.0,
6a020761171e2014c686e110,"[5,7,15,11,21,6,1,9,22,10,29,25,12,3,2,19,20,16,14,8,30,17,26,23,24,4,28,27,18,13]",painting,Predictable,"[3.894198,11.684987,14.181472,19.374426]",4.0,2.0,29.0,
6a020761171e2014c686e110,"[5,7,15,11,21,6,1,9,22,10,29,25,12,3,2,19,20,16,14,8,30,17,26,23,24,4,28,27,18,13]",gym,Predictable,"[8.739684,12.500276,15.848432,25.744106]",4.0,2.0,30.0,
